run_key,stage,suite,task_key,env,complexity,episode_length,method_key,method_description,alg,seed,hparam_profile,max_epochs,num_envs,eval_runs,rollout_episodes,rollout_max_steps,wandb_project,wandb_group,notes,overrides
confirm_gym_hopper_mlpwm_mlppolicy_s0_default,confirm,gym,hopper,gym_hopper_mujoco,low,1000,mlpwm_mlppolicy,PWM baseline (MLP world model + MLP policy),pwm_5M_baseline_final,0,default,15000,64,40,5,1000,flow-mbpo-formal-training,single_task_online_confirm_gym,"Single-task online RL from scratch on PACE-ICE. task=hopper, method=mlpwm_mlppolicy, profile=default",alg.save_interval=500;++alg.wandb_log_every_epoch=true
confirm_gym_hopper_mlpwm_mlppolicy_s1_default,confirm,gym,hopper,gym_hopper_mujoco,low,1000,mlpwm_mlppolicy,PWM baseline (MLP world model + MLP policy),pwm_5M_baseline_final,1,default,15000,64,40,5,1000,flow-mbpo-formal-training,single_task_online_confirm_gym,"Single-task online RL from scratch on PACE-ICE. task=hopper, method=mlpwm_mlppolicy, profile=default",alg.save_interval=500;++alg.wandb_log_every_epoch=true
confirm_gym_hopper_mlpwm_mlppolicy_s2_default,confirm,gym,hopper,gym_hopper_mujoco,low,1000,mlpwm_mlppolicy,PWM baseline (MLP world model + MLP policy),pwm_5M_baseline_final,2,default,15000,64,40,5,1000,flow-mbpo-formal-training,single_task_online_confirm_gym,"Single-task online RL from scratch on PACE-ICE. task=hopper, method=mlpwm_mlppolicy, profile=default",alg.save_interval=500;++alg.wandb_log_every_epoch=true
confirm_gym_hopper_mlpwm_mlppolicy_s3_default,confirm,gym,hopper,gym_hopper_mujoco,low,1000,mlpwm_mlppolicy,PWM baseline (MLP world model + MLP policy),pwm_5M_baseline_final,3,default,15000,64,40,5,1000,flow-mbpo-formal-training,single_task_online_confirm_gym,"Single-task online RL from scratch on PACE-ICE. task=hopper, method=mlpwm_mlppolicy, profile=default",alg.save_interval=500;++alg.wandb_log_every_epoch=true
confirm_gym_hopper_mlpwm_mlppolicy_s4_default,confirm,gym,hopper,gym_hopper_mujoco,low,1000,mlpwm_mlppolicy,PWM baseline (MLP world model + MLP policy),pwm_5M_baseline_final,4,default,15000,64,40,5,1000,flow-mbpo-formal-training,single_task_online_confirm_gym,"Single-task online RL from scratch on PACE-ICE. task=hopper, method=mlpwm_mlppolicy, profile=default",alg.save_interval=500;++alg.wandb_log_every_epoch=true
confirm_gym_hopper_mlpwm_mlppolicy_s5_default,confirm,gym,hopper,gym_hopper_mujoco,low,1000,mlpwm_mlppolicy,PWM baseline (MLP world model + MLP policy),pwm_5M_baseline_final,5,default,15000,64,40,5,1000,flow-mbpo-formal-training,single_task_online_confirm_gym,"Single-task online RL from scratch on PACE-ICE. task=hopper, method=mlpwm_mlppolicy, profile=default",alg.save_interval=500;++alg.wandb_log_every_epoch=true
confirm_gym_hopper_mlpwm_mlppolicy_s6_default,confirm,gym,hopper,gym_hopper_mujoco,low,1000,mlpwm_mlppolicy,PWM baseline (MLP world model + MLP policy),pwm_5M_baseline_final,6,default,15000,64,40,5,1000,flow-mbpo-formal-training,single_task_online_confirm_gym,"Single-task online RL from scratch on PACE-ICE. task=hopper, method=mlpwm_mlppolicy, profile=default",alg.save_interval=500;++alg.wandb_log_every_epoch=true
confirm_gym_hopper_mlpwm_mlppolicy_s7_default,confirm,gym,hopper,gym_hopper_mujoco,low,1000,mlpwm_mlppolicy,PWM baseline (MLP world model + MLP policy),pwm_5M_baseline_final,7,default,15000,64,40,5,1000,flow-mbpo-formal-training,single_task_online_confirm_gym,"Single-task online RL from scratch on PACE-ICE. task=hopper, method=mlpwm_mlppolicy, profile=default",alg.save_interval=500;++alg.wandb_log_every_epoch=true
confirm_gym_hopper_mlpwm_mlppolicy_s8_default,confirm,gym,hopper,gym_hopper_mujoco,low,1000,mlpwm_mlppolicy,PWM baseline (MLP world model + MLP policy),pwm_5M_baseline_final,8,default,15000,64,40,5,1000,flow-mbpo-formal-training,single_task_online_confirm_gym,"Single-task online RL from scratch on PACE-ICE. task=hopper, method=mlpwm_mlppolicy, profile=default",alg.save_interval=500;++alg.wandb_log_every_epoch=true
confirm_gym_hopper_mlpwm_mlppolicy_s9_default,confirm,gym,hopper,gym_hopper_mujoco,low,1000,mlpwm_mlppolicy,PWM baseline (MLP world model + MLP policy),pwm_5M_baseline_final,9,default,15000,64,40,5,1000,flow-mbpo-formal-training,single_task_online_confirm_gym,"Single-task online RL from scratch on PACE-ICE. task=hopper, method=mlpwm_mlppolicy, profile=default",alg.save_interval=500;++alg.wandb_log_every_epoch=true
confirm_gym_hopper_flowwm_mlppolicy_s0_default,confirm,gym,hopper,gym_hopper_mujoco,low,1000,flowwm_mlppolicy,Flow world model + MLP policy,pwm_5M_flow_v2_substeps4,0,default,15000,64,40,5,1000,flow-mbpo-formal-training,single_task_online_confirm_gym,"Single-task online RL from scratch on PACE-ICE. task=hopper, method=flowwm_mlppolicy, profile=default",alg.save_interval=500;++alg.wandb_log_every_epoch=true
confirm_gym_hopper_flowwm_mlppolicy_s1_default,confirm,gym,hopper,gym_hopper_mujoco,low,1000,flowwm_mlppolicy,Flow world model + MLP policy,pwm_5M_flow_v2_substeps4,1,default,15000,64,40,5,1000,flow-mbpo-formal-training,single_task_online_confirm_gym,"Single-task online RL from scratch on PACE-ICE. task=hopper, method=flowwm_mlppolicy, profile=default",alg.save_interval=500;++alg.wandb_log_every_epoch=true
confirm_gym_hopper_flowwm_mlppolicy_s2_default,confirm,gym,hopper,gym_hopper_mujoco,low,1000,flowwm_mlppolicy,Flow world model + MLP policy,pwm_5M_flow_v2_substeps4,2,default,15000,64,40,5,1000,flow-mbpo-formal-training,single_task_online_confirm_gym,"Single-task online RL from scratch on PACE-ICE. task=hopper, method=flowwm_mlppolicy, profile=default",alg.save_interval=500;++alg.wandb_log_every_epoch=true
confirm_gym_hopper_flowwm_mlppolicy_s3_default,confirm,gym,hopper,gym_hopper_mujoco,low,1000,flowwm_mlppolicy,Flow world model + MLP policy,pwm_5M_flow_v2_substeps4,3,default,15000,64,40,5,1000,flow-mbpo-formal-training,single_task_online_confirm_gym,"Single-task online RL from scratch on PACE-ICE. task=hopper, method=flowwm_mlppolicy, profile=default",alg.save_interval=500;++alg.wandb_log_every_epoch=true
confirm_gym_hopper_flowwm_mlppolicy_s4_default,confirm,gym,hopper,gym_hopper_mujoco,low,1000,flowwm_mlppolicy,Flow world model + MLP policy,pwm_5M_flow_v2_substeps4,4,default,15000,64,40,5,1000,flow-mbpo-formal-training,single_task_online_confirm_gym,"Single-task online RL from scratch on PACE-ICE. task=hopper, method=flowwm_mlppolicy, profile=default",alg.save_interval=500;++alg.wandb_log_every_epoch=true
confirm_gym_hopper_flowwm_mlppolicy_s5_default,confirm,gym,hopper,gym_hopper_mujoco,low,1000,flowwm_mlppolicy,Flow world model + MLP policy,pwm_5M_flow_v2_substeps4,5,default,15000,64,40,5,1000,flow-mbpo-formal-training,single_task_online_confirm_gym,"Single-task online RL from scratch on PACE-ICE. task=hopper, method=flowwm_mlppolicy, profile=default",alg.save_interval=500;++alg.wandb_log_every_epoch=true
confirm_gym_hopper_flowwm_mlppolicy_s6_default,confirm,gym,hopper,gym_hopper_mujoco,low,1000,flowwm_mlppolicy,Flow world model + MLP policy,pwm_5M_flow_v2_substeps4,6,default,15000,64,40,5,1000,flow-mbpo-formal-training,single_task_online_confirm_gym,"Single-task online RL from scratch on PACE-ICE. task=hopper, method=flowwm_mlppolicy, profile=default",alg.save_interval=500;++alg.wandb_log_every_epoch=true
confirm_gym_hopper_flowwm_mlppolicy_s7_default,confirm,gym,hopper,gym_hopper_mujoco,low,1000,flowwm_mlppolicy,Flow world model + MLP policy,pwm_5M_flow_v2_substeps4,7,default,15000,64,40,5,1000,flow-mbpo-formal-training,single_task_online_confirm_gym,"Single-task online RL from scratch on PACE-ICE. task=hopper, method=flowwm_mlppolicy, profile=default",alg.save_interval=500;++alg.wandb_log_every_epoch=true
confirm_gym_hopper_flowwm_mlppolicy_s8_default,confirm,gym,hopper,gym_hopper_mujoco,low,1000,flowwm_mlppolicy,Flow world model + MLP policy,pwm_5M_flow_v2_substeps4,8,default,15000,64,40,5,1000,flow-mbpo-formal-training,single_task_online_confirm_gym,"Single-task online RL from scratch on PACE-ICE. task=hopper, method=flowwm_mlppolicy, profile=default",alg.save_interval=500;++alg.wandb_log_every_epoch=true
confirm_gym_hopper_flowwm_mlppolicy_s9_default,confirm,gym,hopper,gym_hopper_mujoco,low,1000,flowwm_mlppolicy,Flow world model + MLP policy,pwm_5M_flow_v2_substeps4,9,default,15000,64,40,5,1000,flow-mbpo-formal-training,single_task_online_confirm_gym,"Single-task online RL from scratch on PACE-ICE. task=hopper, method=flowwm_mlppolicy, profile=default",alg.save_interval=500;++alg.wandb_log_every_epoch=true
confirm_gym_hopper_mlpwm_flowpolicy_s0_default,confirm,gym,hopper,gym_hopper_mujoco,low,1000,mlpwm_flowpolicy,MLP world model + Flow policy,pwm_5M_flowpolicy,0,default,15000,64,40,5,1000,flow-mbpo-formal-training,single_task_online_confirm_gym,"Single-task online RL from scratch on PACE-ICE. task=hopper, method=mlpwm_flowpolicy, profile=default",alg.save_interval=500;++alg.wandb_log_every_epoch=true
confirm_gym_hopper_mlpwm_flowpolicy_s1_default,confirm,gym,hopper,gym_hopper_mujoco,low,1000,mlpwm_flowpolicy,MLP world model + Flow policy,pwm_5M_flowpolicy,1,default,15000,64,40,5,1000,flow-mbpo-formal-training,single_task_online_confirm_gym,"Single-task online RL from scratch on PACE-ICE. task=hopper, method=mlpwm_flowpolicy, profile=default",alg.save_interval=500;++alg.wandb_log_every_epoch=true
confirm_gym_hopper_mlpwm_flowpolicy_s2_default,confirm,gym,hopper,gym_hopper_mujoco,low,1000,mlpwm_flowpolicy,MLP world model + Flow policy,pwm_5M_flowpolicy,2,default,15000,64,40,5,1000,flow-mbpo-formal-training,single_task_online_confirm_gym,"Single-task online RL from scratch on PACE-ICE. task=hopper, method=mlpwm_flowpolicy, profile=default",alg.save_interval=500;++alg.wandb_log_every_epoch=true
confirm_gym_hopper_mlpwm_flowpolicy_s3_default,confirm,gym,hopper,gym_hopper_mujoco,low,1000,mlpwm_flowpolicy,MLP world model + Flow policy,pwm_5M_flowpolicy,3,default,15000,64,40,5,1000,flow-mbpo-formal-training,single_task_online_confirm_gym,"Single-task online RL from scratch on PACE-ICE. task=hopper, method=mlpwm_flowpolicy, profile=default",alg.save_interval=500;++alg.wandb_log_every_epoch=true
confirm_gym_hopper_mlpwm_flowpolicy_s4_default,confirm,gym,hopper,gym_hopper_mujoco,low,1000,mlpwm_flowpolicy,MLP world model + Flow policy,pwm_5M_flowpolicy,4,default,15000,64,40,5,1000,flow-mbpo-formal-training,single_task_online_confirm_gym,"Single-task online RL from scratch on PACE-ICE. task=hopper, method=mlpwm_flowpolicy, profile=default",alg.save_interval=500;++alg.wandb_log_every_epoch=true
confirm_gym_hopper_mlpwm_flowpolicy_s5_default,confirm,gym,hopper,gym_hopper_mujoco,low,1000,mlpwm_flowpolicy,MLP world model + Flow policy,pwm_5M_flowpolicy,5,default,15000,64,40,5,1000,flow-mbpo-formal-training,single_task_online_confirm_gym,"Single-task online RL from scratch on PACE-ICE. task=hopper, method=mlpwm_flowpolicy, profile=default",alg.save_interval=500;++alg.wandb_log_every_epoch=true
confirm_gym_hopper_mlpwm_flowpolicy_s6_default,confirm,gym,hopper,gym_hopper_mujoco,low,1000,mlpwm_flowpolicy,MLP world model + Flow policy,pwm_5M_flowpolicy,6,default,15000,64,40,5,1000,flow-mbpo-formal-training,single_task_online_confirm_gym,"Single-task online RL from scratch on PACE-ICE. task=hopper, method=mlpwm_flowpolicy, profile=default",alg.save_interval=500;++alg.wandb_log_every_epoch=true
confirm_gym_hopper_mlpwm_flowpolicy_s7_default,confirm,gym,hopper,gym_hopper_mujoco,low,1000,mlpwm_flowpolicy,MLP world model + Flow policy,pwm_5M_flowpolicy,7,default,15000,64,40,5,1000,flow-mbpo-formal-training,single_task_online_confirm_gym,"Single-task online RL from scratch on PACE-ICE. task=hopper, method=mlpwm_flowpolicy, profile=default",alg.save_interval=500;++alg.wandb_log_every_epoch=true
confirm_gym_hopper_mlpwm_flowpolicy_s8_default,confirm,gym,hopper,gym_hopper_mujoco,low,1000,mlpwm_flowpolicy,MLP world model + Flow policy,pwm_5M_flowpolicy,8,default,15000,64,40,5,1000,flow-mbpo-formal-training,single_task_online_confirm_gym,"Single-task online RL from scratch on PACE-ICE. task=hopper, method=mlpwm_flowpolicy, profile=default",alg.save_interval=500;++alg.wandb_log_every_epoch=true
confirm_gym_hopper_mlpwm_flowpolicy_s9_default,confirm,gym,hopper,gym_hopper_mujoco,low,1000,mlpwm_flowpolicy,MLP world model + Flow policy,pwm_5M_flowpolicy,9,default,15000,64,40,5,1000,flow-mbpo-formal-training,single_task_online_confirm_gym,"Single-task online RL from scratch on PACE-ICE. task=hopper, method=mlpwm_flowpolicy, profile=default",alg.save_interval=500;++alg.wandb_log_every_epoch=true
confirm_gym_hopper_flowwm_flowpolicy_s0_default,confirm,gym,hopper,gym_hopper_mujoco,low,1000,flowwm_flowpolicy,Flow world model + Flow policy,pwm_5M_fullflow,0,default,15000,64,40,5,1000,flow-mbpo-formal-training,single_task_online_confirm_gym,"Single-task online RL from scratch on PACE-ICE. task=hopper, method=flowwm_flowpolicy, profile=default",alg.save_interval=500;++alg.wandb_log_every_epoch=true
confirm_gym_hopper_flowwm_flowpolicy_s1_default,confirm,gym,hopper,gym_hopper_mujoco,low,1000,flowwm_flowpolicy,Flow world model + Flow policy,pwm_5M_fullflow,1,default,15000,64,40,5,1000,flow-mbpo-formal-training,single_task_online_confirm_gym,"Single-task online RL from scratch on PACE-ICE. task=hopper, method=flowwm_flowpolicy, profile=default",alg.save_interval=500;++alg.wandb_log_every_epoch=true
confirm_gym_hopper_flowwm_flowpolicy_s2_default,confirm,gym,hopper,gym_hopper_mujoco,low,1000,flowwm_flowpolicy,Flow world model + Flow policy,pwm_5M_fullflow,2,default,15000,64,40,5,1000,flow-mbpo-formal-training,single_task_online_confirm_gym,"Single-task online RL from scratch on PACE-ICE. task=hopper, method=flowwm_flowpolicy, profile=default",alg.save_interval=500;++alg.wandb_log_every_epoch=true
confirm_gym_hopper_flowwm_flowpolicy_s3_default,confirm,gym,hopper,gym_hopper_mujoco,low,1000,flowwm_flowpolicy,Flow world model + Flow policy,pwm_5M_fullflow,3,default,15000,64,40,5,1000,flow-mbpo-formal-training,single_task_online_confirm_gym,"Single-task online RL from scratch on PACE-ICE. task=hopper, method=flowwm_flowpolicy, profile=default",alg.save_interval=500;++alg.wandb_log_every_epoch=true
confirm_gym_hopper_flowwm_flowpolicy_s4_default,confirm,gym,hopper,gym_hopper_mujoco,low,1000,flowwm_flowpolicy,Flow world model + Flow policy,pwm_5M_fullflow,4,default,15000,64,40,5,1000,flow-mbpo-formal-training,single_task_online_confirm_gym,"Single-task online RL from scratch on PACE-ICE. task=hopper, method=flowwm_flowpolicy, profile=default",alg.save_interval=500;++alg.wandb_log_every_epoch=true
confirm_gym_hopper_flowwm_flowpolicy_s5_default,confirm,gym,hopper,gym_hopper_mujoco,low,1000,flowwm_flowpolicy,Flow world model + Flow policy,pwm_5M_fullflow,5,default,15000,64,40,5,1000,flow-mbpo-formal-training,single_task_online_confirm_gym,"Single-task online RL from scratch on PACE-ICE. task=hopper, method=flowwm_flowpolicy, profile=default",alg.save_interval=500;++alg.wandb_log_every_epoch=true
confirm_gym_hopper_flowwm_flowpolicy_s6_default,confirm,gym,hopper,gym_hopper_mujoco,low,1000,flowwm_flowpolicy,Flow world model + Flow policy,pwm_5M_fullflow,6,default,15000,64,40,5,1000,flow-mbpo-formal-training,single_task_online_confirm_gym,"Single-task online RL from scratch on PACE-ICE. task=hopper, method=flowwm_flowpolicy, profile=default",alg.save_interval=500;++alg.wandb_log_every_epoch=true
confirm_gym_hopper_flowwm_flowpolicy_s7_default,confirm,gym,hopper,gym_hopper_mujoco,low,1000,flowwm_flowpolicy,Flow world model + Flow policy,pwm_5M_fullflow,7,default,15000,64,40,5,1000,flow-mbpo-formal-training,single_task_online_confirm_gym,"Single-task online RL from scratch on PACE-ICE. task=hopper, method=flowwm_flowpolicy, profile=default",alg.save_interval=500;++alg.wandb_log_every_epoch=true
confirm_gym_hopper_flowwm_flowpolicy_s8_default,confirm,gym,hopper,gym_hopper_mujoco,low,1000,flowwm_flowpolicy,Flow world model + Flow policy,pwm_5M_fullflow,8,default,15000,64,40,5,1000,flow-mbpo-formal-training,single_task_online_confirm_gym,"Single-task online RL from scratch on PACE-ICE. task=hopper, method=flowwm_flowpolicy, profile=default",alg.save_interval=500;++alg.wandb_log_every_epoch=true
confirm_gym_hopper_flowwm_flowpolicy_s9_default,confirm,gym,hopper,gym_hopper_mujoco,low,1000,flowwm_flowpolicy,Flow world model + Flow policy,pwm_5M_fullflow,9,default,15000,64,40,5,1000,flow-mbpo-formal-training,single_task_online_confirm_gym,"Single-task online RL from scratch on PACE-ICE. task=hopper, method=flowwm_flowpolicy, profile=default",alg.save_interval=500;++alg.wandb_log_every_epoch=true
confirm_gym_ant_mlpwm_mlppolicy_s0_default,confirm,gym,ant,gym_ant_mujoco,medium,1000,mlpwm_mlppolicy,PWM baseline (MLP world model + MLP policy),pwm_5M_baseline_final,0,default,15000,64,40,5,1000,flow-mbpo-formal-training,single_task_online_confirm_gym,"Single-task online RL from scratch on PACE-ICE. task=ant, method=mlpwm_mlppolicy, profile=default",alg.save_interval=500;++alg.wandb_log_every_epoch=true
confirm_gym_ant_mlpwm_mlppolicy_s1_default,confirm,gym,ant,gym_ant_mujoco,medium,1000,mlpwm_mlppolicy,PWM baseline (MLP world model + MLP policy),pwm_5M_baseline_final,1,default,15000,64,40,5,1000,flow-mbpo-formal-training,single_task_online_confirm_gym,"Single-task online RL from scratch on PACE-ICE. task=ant, method=mlpwm_mlppolicy, profile=default",alg.save_interval=500;++alg.wandb_log_every_epoch=true
confirm_gym_ant_mlpwm_mlppolicy_s2_default,confirm,gym,ant,gym_ant_mujoco,medium,1000,mlpwm_mlppolicy,PWM baseline (MLP world model + MLP policy),pwm_5M_baseline_final,2,default,15000,64,40,5,1000,flow-mbpo-formal-training,single_task_online_confirm_gym,"Single-task online RL from scratch on PACE-ICE. task=ant, method=mlpwm_mlppolicy, profile=default",alg.save_interval=500;++alg.wandb_log_every_epoch=true
confirm_gym_ant_mlpwm_mlppolicy_s3_default,confirm,gym,ant,gym_ant_mujoco,medium,1000,mlpwm_mlppolicy,PWM baseline (MLP world model + MLP policy),pwm_5M_baseline_final,3,default,15000,64,40,5,1000,flow-mbpo-formal-training,single_task_online_confirm_gym,"Single-task online RL from scratch on PACE-ICE. task=ant, method=mlpwm_mlppolicy, profile=default",alg.save_interval=500;++alg.wandb_log_every_epoch=true
confirm_gym_ant_mlpwm_mlppolicy_s4_default,confirm,gym,ant,gym_ant_mujoco,medium,1000,mlpwm_mlppolicy,PWM baseline (MLP world model + MLP policy),pwm_5M_baseline_final,4,default,15000,64,40,5,1000,flow-mbpo-formal-training,single_task_online_confirm_gym,"Single-task online RL from scratch on PACE-ICE. task=ant, method=mlpwm_mlppolicy, profile=default",alg.save_interval=500;++alg.wandb_log_every_epoch=true
confirm_gym_ant_mlpwm_mlppolicy_s5_default,confirm,gym,ant,gym_ant_mujoco,medium,1000,mlpwm_mlppolicy,PWM baseline (MLP world model + MLP policy),pwm_5M_baseline_final,5,default,15000,64,40,5,1000,flow-mbpo-formal-training,single_task_online_confirm_gym,"Single-task online RL from scratch on PACE-ICE. task=ant, method=mlpwm_mlppolicy, profile=default",alg.save_interval=500;++alg.wandb_log_every_epoch=true
confirm_gym_ant_mlpwm_mlppolicy_s6_default,confirm,gym,ant,gym_ant_mujoco,medium,1000,mlpwm_mlppolicy,PWM baseline (MLP world model + MLP policy),pwm_5M_baseline_final,6,default,15000,64,40,5,1000,flow-mbpo-formal-training,single_task_online_confirm_gym,"Single-task online RL from scratch on PACE-ICE. task=ant, method=mlpwm_mlppolicy, profile=default",alg.save_interval=500;++alg.wandb_log_every_epoch=true
confirm_gym_ant_mlpwm_mlppolicy_s7_default,confirm,gym,ant,gym_ant_mujoco,medium,1000,mlpwm_mlppolicy,PWM baseline (MLP world model + MLP policy),pwm_5M_baseline_final,7,default,15000,64,40,5,1000,flow-mbpo-formal-training,single_task_online_confirm_gym,"Single-task online RL from scratch on PACE-ICE. task=ant, method=mlpwm_mlppolicy, profile=default",alg.save_interval=500;++alg.wandb_log_every_epoch=true
confirm_gym_ant_mlpwm_mlppolicy_s8_default,confirm,gym,ant,gym_ant_mujoco,medium,1000,mlpwm_mlppolicy,PWM baseline (MLP world model + MLP policy),pwm_5M_baseline_final,8,default,15000,64,40,5,1000,flow-mbpo-formal-training,single_task_online_confirm_gym,"Single-task online RL from scratch on PACE-ICE. task=ant, method=mlpwm_mlppolicy, profile=default",alg.save_interval=500;++alg.wandb_log_every_epoch=true
confirm_gym_ant_mlpwm_mlppolicy_s9_default,confirm,gym,ant,gym_ant_mujoco,medium,1000,mlpwm_mlppolicy,PWM baseline (MLP world model + MLP policy),pwm_5M_baseline_final,9,default,15000,64,40,5,1000,flow-mbpo-formal-training,single_task_online_confirm_gym,"Single-task online RL from scratch on PACE-ICE. task=ant, method=mlpwm_mlppolicy, profile=default",alg.save_interval=500;++alg.wandb_log_every_epoch=true
confirm_gym_ant_flowwm_mlppolicy_s0_default,confirm,gym,ant,gym_ant_mujoco,medium,1000,flowwm_mlppolicy,Flow world model + MLP policy,pwm_5M_flow_v2_substeps4,0,default,15000,64,40,5,1000,flow-mbpo-formal-training,single_task_online_confirm_gym,"Single-task online RL from scratch on PACE-ICE. task=ant, method=flowwm_mlppolicy, profile=default",alg.save_interval=500;++alg.wandb_log_every_epoch=true
confirm_gym_ant_flowwm_mlppolicy_s1_default,confirm,gym,ant,gym_ant_mujoco,medium,1000,flowwm_mlppolicy,Flow world model + MLP policy,pwm_5M_flow_v2_substeps4,1,default,15000,64,40,5,1000,flow-mbpo-formal-training,single_task_online_confirm_gym,"Single-task online RL from scratch on PACE-ICE. task=ant, method=flowwm_mlppolicy, profile=default",alg.save_interval=500;++alg.wandb_log_every_epoch=true
confirm_gym_ant_flowwm_mlppolicy_s2_default,confirm,gym,ant,gym_ant_mujoco,medium,1000,flowwm_mlppolicy,Flow world model + MLP policy,pwm_5M_flow_v2_substeps4,2,default,15000,64,40,5,1000,flow-mbpo-formal-training,single_task_online_confirm_gym,"Single-task online RL from scratch on PACE-ICE. task=ant, method=flowwm_mlppolicy, profile=default",alg.save_interval=500;++alg.wandb_log_every_epoch=true
confirm_gym_ant_flowwm_mlppolicy_s3_default,confirm,gym,ant,gym_ant_mujoco,medium,1000,flowwm_mlppolicy,Flow world model + MLP policy,pwm_5M_flow_v2_substeps4,3,default,15000,64,40,5,1000,flow-mbpo-formal-training,single_task_online_confirm_gym,"Single-task online RL from scratch on PACE-ICE. task=ant, method=flowwm_mlppolicy, profile=default",alg.save_interval=500;++alg.wandb_log_every_epoch=true
confirm_gym_ant_flowwm_mlppolicy_s4_default,confirm,gym,ant,gym_ant_mujoco,medium,1000,flowwm_mlppolicy,Flow world model + MLP policy,pwm_5M_flow_v2_substeps4,4,default,15000,64,40,5,1000,flow-mbpo-formal-training,single_task_online_confirm_gym,"Single-task online RL from scratch on PACE-ICE. task=ant, method=flowwm_mlppolicy, profile=default",alg.save_interval=500;++alg.wandb_log_every_epoch=true
confirm_gym_ant_flowwm_mlppolicy_s5_default,confirm,gym,ant,gym_ant_mujoco,medium,1000,flowwm_mlppolicy,Flow world model + MLP policy,pwm_5M_flow_v2_substeps4,5,default,15000,64,40,5,1000,flow-mbpo-formal-training,single_task_online_confirm_gym,"Single-task online RL from scratch on PACE-ICE. task=ant, method=flowwm_mlppolicy, profile=default",alg.save_interval=500;++alg.wandb_log_every_epoch=true
confirm_gym_ant_flowwm_mlppolicy_s6_default,confirm,gym,ant,gym_ant_mujoco,medium,1000,flowwm_mlppolicy,Flow world model + MLP policy,pwm_5M_flow_v2_substeps4,6,default,15000,64,40,5,1000,flow-mbpo-formal-training,single_task_online_confirm_gym,"Single-task online RL from scratch on PACE-ICE. task=ant, method=flowwm_mlppolicy, profile=default",alg.save_interval=500;++alg.wandb_log_every_epoch=true
confirm_gym_ant_flowwm_mlppolicy_s7_default,confirm,gym,ant,gym_ant_mujoco,medium,1000,flowwm_mlppolicy,Flow world model + MLP policy,pwm_5M_flow_v2_substeps4,7,default,15000,64,40,5,1000,flow-mbpo-formal-training,single_task_online_confirm_gym,"Single-task online RL from scratch on PACE-ICE. task=ant, method=flowwm_mlppolicy, profile=default",alg.save_interval=500;++alg.wandb_log_every_epoch=true
confirm_gym_ant_flowwm_mlppolicy_s8_default,confirm,gym,ant,gym_ant_mujoco,medium,1000,flowwm_mlppolicy,Flow world model + MLP policy,pwm_5M_flow_v2_substeps4,8,default,15000,64,40,5,1000,flow-mbpo-formal-training,single_task_online_confirm_gym,"Single-task online RL from scratch on PACE-ICE. task=ant, method=flowwm_mlppolicy, profile=default",alg.save_interval=500;++alg.wandb_log_every_epoch=true
confirm_gym_ant_flowwm_mlppolicy_s9_default,confirm,gym,ant,gym_ant_mujoco,medium,1000,flowwm_mlppolicy,Flow world model + MLP policy,pwm_5M_flow_v2_substeps4,9,default,15000,64,40,5,1000,flow-mbpo-formal-training,single_task_online_confirm_gym,"Single-task online RL from scratch on PACE-ICE. task=ant, method=flowwm_mlppolicy, profile=default",alg.save_interval=500;++alg.wandb_log_every_epoch=true
confirm_gym_ant_mlpwm_flowpolicy_s0_default,confirm,gym,ant,gym_ant_mujoco,medium,1000,mlpwm_flowpolicy,MLP world model + Flow policy,pwm_5M_flowpolicy,0,default,15000,64,40,5,1000,flow-mbpo-formal-training,single_task_online_confirm_gym,"Single-task online RL from scratch on PACE-ICE. task=ant, method=mlpwm_flowpolicy, profile=default",alg.save_interval=500;++alg.wandb_log_every_epoch=true
confirm_gym_ant_mlpwm_flowpolicy_s1_default,confirm,gym,ant,gym_ant_mujoco,medium,1000,mlpwm_flowpolicy,MLP world model + Flow policy,pwm_5M_flowpolicy,1,default,15000,64,40,5,1000,flow-mbpo-formal-training,single_task_online_confirm_gym,"Single-task online RL from scratch on PACE-ICE. task=ant, method=mlpwm_flowpolicy, profile=default",alg.save_interval=500;++alg.wandb_log_every_epoch=true
confirm_gym_ant_mlpwm_flowpolicy_s2_default,confirm,gym,ant,gym_ant_mujoco,medium,1000,mlpwm_flowpolicy,MLP world model + Flow policy,pwm_5M_flowpolicy,2,default,15000,64,40,5,1000,flow-mbpo-formal-training,single_task_online_confirm_gym,"Single-task online RL from scratch on PACE-ICE. task=ant, method=mlpwm_flowpolicy, profile=default",alg.save_interval=500;++alg.wandb_log_every_epoch=true
confirm_gym_ant_mlpwm_flowpolicy_s3_default,confirm,gym,ant,gym_ant_mujoco,medium,1000,mlpwm_flowpolicy,MLP world model + Flow policy,pwm_5M_flowpolicy,3,default,15000,64,40,5,1000,flow-mbpo-formal-training,single_task_online_confirm_gym,"Single-task online RL from scratch on PACE-ICE. task=ant, method=mlpwm_flowpolicy, profile=default",alg.save_interval=500;++alg.wandb_log_every_epoch=true
confirm_gym_ant_mlpwm_flowpolicy_s4_default,confirm,gym,ant,gym_ant_mujoco,medium,1000,mlpwm_flowpolicy,MLP world model + Flow policy,pwm_5M_flowpolicy,4,default,15000,64,40,5,1000,flow-mbpo-formal-training,single_task_online_confirm_gym,"Single-task online RL from scratch on PACE-ICE. task=ant, method=mlpwm_flowpolicy, profile=default",alg.save_interval=500;++alg.wandb_log_every_epoch=true
confirm_gym_ant_mlpwm_flowpolicy_s5_default,confirm,gym,ant,gym_ant_mujoco,medium,1000,mlpwm_flowpolicy,MLP world model + Flow policy,pwm_5M_flowpolicy,5,default,15000,64,40,5,1000,flow-mbpo-formal-training,single_task_online_confirm_gym,"Single-task online RL from scratch on PACE-ICE. task=ant, method=mlpwm_flowpolicy, profile=default",alg.save_interval=500;++alg.wandb_log_every_epoch=true
confirm_gym_ant_mlpwm_flowpolicy_s6_default,confirm,gym,ant,gym_ant_mujoco,medium,1000,mlpwm_flowpolicy,MLP world model + Flow policy,pwm_5M_flowpolicy,6,default,15000,64,40,5,1000,flow-mbpo-formal-training,single_task_online_confirm_gym,"Single-task online RL from scratch on PACE-ICE. task=ant, method=mlpwm_flowpolicy, profile=default",alg.save_interval=500;++alg.wandb_log_every_epoch=true
confirm_gym_ant_mlpwm_flowpolicy_s7_default,confirm,gym,ant,gym_ant_mujoco,medium,1000,mlpwm_flowpolicy,MLP world model + Flow policy,pwm_5M_flowpolicy,7,default,15000,64,40,5,1000,flow-mbpo-formal-training,single_task_online_confirm_gym,"Single-task online RL from scratch on PACE-ICE. task=ant, method=mlpwm_flowpolicy, profile=default",alg.save_interval=500;++alg.wandb_log_every_epoch=true
confirm_gym_ant_mlpwm_flowpolicy_s8_default,confirm,gym,ant,gym_ant_mujoco,medium,1000,mlpwm_flowpolicy,MLP world model + Flow policy,pwm_5M_flowpolicy,8,default,15000,64,40,5,1000,flow-mbpo-formal-training,single_task_online_confirm_gym,"Single-task online RL from scratch on PACE-ICE. task=ant, method=mlpwm_flowpolicy, profile=default",alg.save_interval=500;++alg.wandb_log_every_epoch=true
confirm_gym_ant_mlpwm_flowpolicy_s9_default,confirm,gym,ant,gym_ant_mujoco,medium,1000,mlpwm_flowpolicy,MLP world model + Flow policy,pwm_5M_flowpolicy,9,default,15000,64,40,5,1000,flow-mbpo-formal-training,single_task_online_confirm_gym,"Single-task online RL from scratch on PACE-ICE. task=ant, method=mlpwm_flowpolicy, profile=default",alg.save_interval=500;++alg.wandb_log_every_epoch=true
confirm_gym_ant_flowwm_flowpolicy_s0_default,confirm,gym,ant,gym_ant_mujoco,medium,1000,flowwm_flowpolicy,Flow world model + Flow policy,pwm_5M_fullflow,0,default,15000,64,40,5,1000,flow-mbpo-formal-training,single_task_online_confirm_gym,"Single-task online RL from scratch on PACE-ICE. task=ant, method=flowwm_flowpolicy, profile=default",alg.save_interval=500;++alg.wandb_log_every_epoch=true
confirm_gym_ant_flowwm_flowpolicy_s1_default,confirm,gym,ant,gym_ant_mujoco,medium,1000,flowwm_flowpolicy,Flow world model + Flow policy,pwm_5M_fullflow,1,default,15000,64,40,5,1000,flow-mbpo-formal-training,single_task_online_confirm_gym,"Single-task online RL from scratch on PACE-ICE. task=ant, method=flowwm_flowpolicy, profile=default",alg.save_interval=500;++alg.wandb_log_every_epoch=true
confirm_gym_ant_flowwm_flowpolicy_s2_default,confirm,gym,ant,gym_ant_mujoco,medium,1000,flowwm_flowpolicy,Flow world model + Flow policy,pwm_5M_fullflow,2,default,15000,64,40,5,1000,flow-mbpo-formal-training,single_task_online_confirm_gym,"Single-task online RL from scratch on PACE-ICE. task=ant, method=flowwm_flowpolicy, profile=default",alg.save_interval=500;++alg.wandb_log_every_epoch=true
confirm_gym_ant_flowwm_flowpolicy_s3_default,confirm,gym,ant,gym_ant_mujoco,medium,1000,flowwm_flowpolicy,Flow world model + Flow policy,pwm_5M_fullflow,3,default,15000,64,40,5,1000,flow-mbpo-formal-training,single_task_online_confirm_gym,"Single-task online RL from scratch on PACE-ICE. task=ant, method=flowwm_flowpolicy, profile=default",alg.save_interval=500;++alg.wandb_log_every_epoch=true
confirm_gym_ant_flowwm_flowpolicy_s4_default,confirm,gym,ant,gym_ant_mujoco,medium,1000,flowwm_flowpolicy,Flow world model + Flow policy,pwm_5M_fullflow,4,default,15000,64,40,5,1000,flow-mbpo-formal-training,single_task_online_confirm_gym,"Single-task online RL from scratch on PACE-ICE. task=ant, method=flowwm_flowpolicy, profile=default",alg.save_interval=500;++alg.wandb_log_every_epoch=true
confirm_gym_ant_flowwm_flowpolicy_s5_default,confirm,gym,ant,gym_ant_mujoco,medium,1000,flowwm_flowpolicy,Flow world model + Flow policy,pwm_5M_fullflow,5,default,15000,64,40,5,1000,flow-mbpo-formal-training,single_task_online_confirm_gym,"Single-task online RL from scratch on PACE-ICE. task=ant, method=flowwm_flowpolicy, profile=default",alg.save_interval=500;++alg.wandb_log_every_epoch=true
confirm_gym_ant_flowwm_flowpolicy_s6_default,confirm,gym,ant,gym_ant_mujoco,medium,1000,flowwm_flowpolicy,Flow world model + Flow policy,pwm_5M_fullflow,6,default,15000,64,40,5,1000,flow-mbpo-formal-training,single_task_online_confirm_gym,"Single-task online RL from scratch on PACE-ICE. task=ant, method=flowwm_flowpolicy, profile=default",alg.save_interval=500;++alg.wandb_log_every_epoch=true
confirm_gym_ant_flowwm_flowpolicy_s7_default,confirm,gym,ant,gym_ant_mujoco,medium,1000,flowwm_flowpolicy,Flow world model + Flow policy,pwm_5M_fullflow,7,default,15000,64,40,5,1000,flow-mbpo-formal-training,single_task_online_confirm_gym,"Single-task online RL from scratch on PACE-ICE. task=ant, method=flowwm_flowpolicy, profile=default",alg.save_interval=500;++alg.wandb_log_every_epoch=true
confirm_gym_ant_flowwm_flowpolicy_s8_default,confirm,gym,ant,gym_ant_mujoco,medium,1000,flowwm_flowpolicy,Flow world model + Flow policy,pwm_5M_fullflow,8,default,15000,64,40,5,1000,flow-mbpo-formal-training,single_task_online_confirm_gym,"Single-task online RL from scratch on PACE-ICE. task=ant, method=flowwm_flowpolicy, profile=default",alg.save_interval=500;++alg.wandb_log_every_epoch=true
confirm_gym_ant_flowwm_flowpolicy_s9_default,confirm,gym,ant,gym_ant_mujoco,medium,1000,flowwm_flowpolicy,Flow world model + Flow policy,pwm_5M_fullflow,9,default,15000,64,40,5,1000,flow-mbpo-formal-training,single_task_online_confirm_gym,"Single-task online RL from scratch on PACE-ICE. task=ant, method=flowwm_flowpolicy, profile=default",alg.save_interval=500;++alg.wandb_log_every_epoch=true
confirm_mjlab_proxy_anymal_mlpwm_mlppolicy_s0_default,confirm,mjlab_proxy,anymal,mjlab_velocity_flat_unitree_go2,medium,1000,mlpwm_mlppolicy,PWM baseline (MLP world model + MLP policy),pwm_5M_baseline_final,0,default,15000,128,40,5,1000,flow-mbpo-formal-training,single_task_online_confirm_mjlab_proxy,"Single-task online RL from scratch on PACE-ICE. task=anymal, method=mlpwm_mlppolicy, profile=default",alg.save_interval=500;++alg.wandb_log_every_epoch=true
confirm_mjlab_proxy_anymal_mlpwm_mlppolicy_s1_default,confirm,mjlab_proxy,anymal,mjlab_velocity_flat_unitree_go2,medium,1000,mlpwm_mlppolicy,PWM baseline (MLP world model + MLP policy),pwm_5M_baseline_final,1,default,15000,128,40,5,1000,flow-mbpo-formal-training,single_task_online_confirm_mjlab_proxy,"Single-task online RL from scratch on PACE-ICE. task=anymal, method=mlpwm_mlppolicy, profile=default",alg.save_interval=500;++alg.wandb_log_every_epoch=true
confirm_mjlab_proxy_anymal_mlpwm_mlppolicy_s2_default,confirm,mjlab_proxy,anymal,mjlab_velocity_flat_unitree_go2,medium,1000,mlpwm_mlppolicy,PWM baseline (MLP world model + MLP policy),pwm_5M_baseline_final,2,default,15000,128,40,5,1000,flow-mbpo-formal-training,single_task_online_confirm_mjlab_proxy,"Single-task online RL from scratch on PACE-ICE. task=anymal, method=mlpwm_mlppolicy, profile=default",alg.save_interval=500;++alg.wandb_log_every_epoch=true
confirm_mjlab_proxy_anymal_mlpwm_mlppolicy_s3_default,confirm,mjlab_proxy,anymal,mjlab_velocity_flat_unitree_go2,medium,1000,mlpwm_mlppolicy,PWM baseline (MLP world model + MLP policy),pwm_5M_baseline_final,3,default,15000,128,40,5,1000,flow-mbpo-formal-training,single_task_online_confirm_mjlab_proxy,"Single-task online RL from scratch on PACE-ICE. task=anymal, method=mlpwm_mlppolicy, profile=default",alg.save_interval=500;++alg.wandb_log_every_epoch=true
confirm_mjlab_proxy_anymal_mlpwm_mlppolicy_s4_default,confirm,mjlab_proxy,anymal,mjlab_velocity_flat_unitree_go2,medium,1000,mlpwm_mlppolicy,PWM baseline (MLP world model + MLP policy),pwm_5M_baseline_final,4,default,15000,128,40,5,1000,flow-mbpo-formal-training,single_task_online_confirm_mjlab_proxy,"Single-task online RL from scratch on PACE-ICE. task=anymal, method=mlpwm_mlppolicy, profile=default",alg.save_interval=500;++alg.wandb_log_every_epoch=true
confirm_mjlab_proxy_anymal_mlpwm_mlppolicy_s5_default,confirm,mjlab_proxy,anymal,mjlab_velocity_flat_unitree_go2,medium,1000,mlpwm_mlppolicy,PWM baseline (MLP world model + MLP policy),pwm_5M_baseline_final,5,default,15000,128,40,5,1000,flow-mbpo-formal-training,single_task_online_confirm_mjlab_proxy,"Single-task online RL from scratch on PACE-ICE. task=anymal, method=mlpwm_mlppolicy, profile=default",alg.save_interval=500;++alg.wandb_log_every_epoch=true
confirm_mjlab_proxy_anymal_mlpwm_mlppolicy_s6_default,confirm,mjlab_proxy,anymal,mjlab_velocity_flat_unitree_go2,medium,1000,mlpwm_mlppolicy,PWM baseline (MLP world model + MLP policy),pwm_5M_baseline_final,6,default,15000,128,40,5,1000,flow-mbpo-formal-training,single_task_online_confirm_mjlab_proxy,"Single-task online RL from scratch on PACE-ICE. task=anymal, method=mlpwm_mlppolicy, profile=default",alg.save_interval=500;++alg.wandb_log_every_epoch=true
confirm_mjlab_proxy_anymal_mlpwm_mlppolicy_s7_default,confirm,mjlab_proxy,anymal,mjlab_velocity_flat_unitree_go2,medium,1000,mlpwm_mlppolicy,PWM baseline (MLP world model + MLP policy),pwm_5M_baseline_final,7,default,15000,128,40,5,1000,flow-mbpo-formal-training,single_task_online_confirm_mjlab_proxy,"Single-task online RL from scratch on PACE-ICE. task=anymal, method=mlpwm_mlppolicy, profile=default",alg.save_interval=500;++alg.wandb_log_every_epoch=true
confirm_mjlab_proxy_anymal_mlpwm_mlppolicy_s8_default,confirm,mjlab_proxy,anymal,mjlab_velocity_flat_unitree_go2,medium,1000,mlpwm_mlppolicy,PWM baseline (MLP world model + MLP policy),pwm_5M_baseline_final,8,default,15000,128,40,5,1000,flow-mbpo-formal-training,single_task_online_confirm_mjlab_proxy,"Single-task online RL from scratch on PACE-ICE. task=anymal, method=mlpwm_mlppolicy, profile=default",alg.save_interval=500;++alg.wandb_log_every_epoch=true
confirm_mjlab_proxy_anymal_mlpwm_mlppolicy_s9_default,confirm,mjlab_proxy,anymal,mjlab_velocity_flat_unitree_go2,medium,1000,mlpwm_mlppolicy,PWM baseline (MLP world model + MLP policy),pwm_5M_baseline_final,9,default,15000,128,40,5,1000,flow-mbpo-formal-training,single_task_online_confirm_mjlab_proxy,"Single-task online RL from scratch on PACE-ICE. task=anymal, method=mlpwm_mlppolicy, profile=default",alg.save_interval=500;++alg.wandb_log_every_epoch=true
confirm_mjlab_proxy_anymal_flowwm_mlppolicy_s0_default,confirm,mjlab_proxy,anymal,mjlab_velocity_flat_unitree_go2,medium,1000,flowwm_mlppolicy,Flow world model + MLP policy,pwm_5M_flow_v2_substeps4,0,default,15000,128,40,5,1000,flow-mbpo-formal-training,single_task_online_confirm_mjlab_proxy,"Single-task online RL from scratch on PACE-ICE. task=anymal, method=flowwm_mlppolicy, profile=default",alg.save_interval=500;++alg.wandb_log_every_epoch=true
confirm_mjlab_proxy_anymal_flowwm_mlppolicy_s1_default,confirm,mjlab_proxy,anymal,mjlab_velocity_flat_unitree_go2,medium,1000,flowwm_mlppolicy,Flow world model + MLP policy,pwm_5M_flow_v2_substeps4,1,default,15000,128,40,5,1000,flow-mbpo-formal-training,single_task_online_confirm_mjlab_proxy,"Single-task online RL from scratch on PACE-ICE. task=anymal, method=flowwm_mlppolicy, profile=default",alg.save_interval=500;++alg.wandb_log_every_epoch=true
confirm_mjlab_proxy_anymal_flowwm_mlppolicy_s2_default,confirm,mjlab_proxy,anymal,mjlab_velocity_flat_unitree_go2,medium,1000,flowwm_mlppolicy,Flow world model + MLP policy,pwm_5M_flow_v2_substeps4,2,default,15000,128,40,5,1000,flow-mbpo-formal-training,single_task_online_confirm_mjlab_proxy,"Single-task online RL from scratch on PACE-ICE. task=anymal, method=flowwm_mlppolicy, profile=default",alg.save_interval=500;++alg.wandb_log_every_epoch=true
confirm_mjlab_proxy_anymal_flowwm_mlppolicy_s3_default,confirm,mjlab_proxy,anymal,mjlab_velocity_flat_unitree_go2,medium,1000,flowwm_mlppolicy,Flow world model + MLP policy,pwm_5M_flow_v2_substeps4,3,default,15000,128,40,5,1000,flow-mbpo-formal-training,single_task_online_confirm_mjlab_proxy,"Single-task online RL from scratch on PACE-ICE. task=anymal, method=flowwm_mlppolicy, profile=default",alg.save_interval=500;++alg.wandb_log_every_epoch=true
confirm_mjlab_proxy_anymal_flowwm_mlppolicy_s4_default,confirm,mjlab_proxy,anymal,mjlab_velocity_flat_unitree_go2,medium,1000,flowwm_mlppolicy,Flow world model + MLP policy,pwm_5M_flow_v2_substeps4,4,default,15000,128,40,5,1000,flow-mbpo-formal-training,single_task_online_confirm_mjlab_proxy,"Single-task online RL from scratch on PACE-ICE. task=anymal, method=flowwm_mlppolicy, profile=default",alg.save_interval=500;++alg.wandb_log_every_epoch=true
confirm_mjlab_proxy_anymal_flowwm_mlppolicy_s5_default,confirm,mjlab_proxy,anymal,mjlab_velocity_flat_unitree_go2,medium,1000,flowwm_mlppolicy,Flow world model + MLP policy,pwm_5M_flow_v2_substeps4,5,default,15000,128,40,5,1000,flow-mbpo-formal-training,single_task_online_confirm_mjlab_proxy,"Single-task online RL from scratch on PACE-ICE. task=anymal, method=flowwm_mlppolicy, profile=default",alg.save_interval=500;++alg.wandb_log_every_epoch=true
confirm_mjlab_proxy_anymal_flowwm_mlppolicy_s6_default,confirm,mjlab_proxy,anymal,mjlab_velocity_flat_unitree_go2,medium,1000,flowwm_mlppolicy,Flow world model + MLP policy,pwm_5M_flow_v2_substeps4,6,default,15000,128,40,5,1000,flow-mbpo-formal-training,single_task_online_confirm_mjlab_proxy,"Single-task online RL from scratch on PACE-ICE. task=anymal, method=flowwm_mlppolicy, profile=default",alg.save_interval=500;++alg.wandb_log_every_epoch=true
confirm_mjlab_proxy_anymal_flowwm_mlppolicy_s7_default,confirm,mjlab_proxy,anymal,mjlab_velocity_flat_unitree_go2,medium,1000,flowwm_mlppolicy,Flow world model + MLP policy,pwm_5M_flow_v2_substeps4,7,default,15000,128,40,5,1000,flow-mbpo-formal-training,single_task_online_confirm_mjlab_proxy,"Single-task online RL from scratch on PACE-ICE. task=anymal, method=flowwm_mlppolicy, profile=default",alg.save_interval=500;++alg.wandb_log_every_epoch=true
confirm_mjlab_proxy_anymal_flowwm_mlppolicy_s8_default,confirm,mjlab_proxy,anymal,mjlab_velocity_flat_unitree_go2,medium,1000,flowwm_mlppolicy,Flow world model + MLP policy,pwm_5M_flow_v2_substeps4,8,default,15000,128,40,5,1000,flow-mbpo-formal-training,single_task_online_confirm_mjlab_proxy,"Single-task online RL from scratch on PACE-ICE. task=anymal, method=flowwm_mlppolicy, profile=default",alg.save_interval=500;++alg.wandb_log_every_epoch=true
confirm_mjlab_proxy_anymal_flowwm_mlppolicy_s9_default,confirm,mjlab_proxy,anymal,mjlab_velocity_flat_unitree_go2,medium,1000,flowwm_mlppolicy,Flow world model + MLP policy,pwm_5M_flow_v2_substeps4,9,default,15000,128,40,5,1000,flow-mbpo-formal-training,single_task_online_confirm_mjlab_proxy,"Single-task online RL from scratch on PACE-ICE. task=anymal, method=flowwm_mlppolicy, profile=default",alg.save_interval=500;++alg.wandb_log_every_epoch=true
confirm_mjlab_proxy_anymal_mlpwm_flowpolicy_s0_default,confirm,mjlab_proxy,anymal,mjlab_velocity_flat_unitree_go2,medium,1000,mlpwm_flowpolicy,MLP world model + Flow policy,pwm_5M_flowpolicy,0,default,15000,128,40,5,1000,flow-mbpo-formal-training,single_task_online_confirm_mjlab_proxy,"Single-task online RL from scratch on PACE-ICE. task=anymal, method=mlpwm_flowpolicy, profile=default",alg.save_interval=500;++alg.wandb_log_every_epoch=true
confirm_mjlab_proxy_anymal_mlpwm_flowpolicy_s1_default,confirm,mjlab_proxy,anymal,mjlab_velocity_flat_unitree_go2,medium,1000,mlpwm_flowpolicy,MLP world model + Flow policy,pwm_5M_flowpolicy,1,default,15000,128,40,5,1000,flow-mbpo-formal-training,single_task_online_confirm_mjlab_proxy,"Single-task online RL from scratch on PACE-ICE. task=anymal, method=mlpwm_flowpolicy, profile=default",alg.save_interval=500;++alg.wandb_log_every_epoch=true
confirm_mjlab_proxy_anymal_mlpwm_flowpolicy_s2_default,confirm,mjlab_proxy,anymal,mjlab_velocity_flat_unitree_go2,medium,1000,mlpwm_flowpolicy,MLP world model + Flow policy,pwm_5M_flowpolicy,2,default,15000,128,40,5,1000,flow-mbpo-formal-training,single_task_online_confirm_mjlab_proxy,"Single-task online RL from scratch on PACE-ICE. task=anymal, method=mlpwm_flowpolicy, profile=default",alg.save_interval=500;++alg.wandb_log_every_epoch=true
confirm_mjlab_proxy_anymal_mlpwm_flowpolicy_s3_default,confirm,mjlab_proxy,anymal,mjlab_velocity_flat_unitree_go2,medium,1000,mlpwm_flowpolicy,MLP world model + Flow policy,pwm_5M_flowpolicy,3,default,15000,128,40,5,1000,flow-mbpo-formal-training,single_task_online_confirm_mjlab_proxy,"Single-task online RL from scratch on PACE-ICE. task=anymal, method=mlpwm_flowpolicy, profile=default",alg.save_interval=500;++alg.wandb_log_every_epoch=true
confirm_mjlab_proxy_anymal_mlpwm_flowpolicy_s4_default,confirm,mjlab_proxy,anymal,mjlab_velocity_flat_unitree_go2,medium,1000,mlpwm_flowpolicy,MLP world model + Flow policy,pwm_5M_flowpolicy,4,default,15000,128,40,5,1000,flow-mbpo-formal-training,single_task_online_confirm_mjlab_proxy,"Single-task online RL from scratch on PACE-ICE. task=anymal, method=mlpwm_flowpolicy, profile=default",alg.save_interval=500;++alg.wandb_log_every_epoch=true
confirm_mjlab_proxy_anymal_mlpwm_flowpolicy_s5_default,confirm,mjlab_proxy,anymal,mjlab_velocity_flat_unitree_go2,medium,1000,mlpwm_flowpolicy,MLP world model + Flow policy,pwm_5M_flowpolicy,5,default,15000,128,40,5,1000,flow-mbpo-formal-training,single_task_online_confirm_mjlab_proxy,"Single-task online RL from scratch on PACE-ICE. task=anymal, method=mlpwm_flowpolicy, profile=default",alg.save_interval=500;++alg.wandb_log_every_epoch=true
confirm_mjlab_proxy_anymal_mlpwm_flowpolicy_s6_default,confirm,mjlab_proxy,anymal,mjlab_velocity_flat_unitree_go2,medium,1000,mlpwm_flowpolicy,MLP world model + Flow policy,pwm_5M_flowpolicy,6,default,15000,128,40,5,1000,flow-mbpo-formal-training,single_task_online_confirm_mjlab_proxy,"Single-task online RL from scratch on PACE-ICE. task=anymal, method=mlpwm_flowpolicy, profile=default",alg.save_interval=500;++alg.wandb_log_every_epoch=true
confirm_mjlab_proxy_anymal_mlpwm_flowpolicy_s7_default,confirm,mjlab_proxy,anymal,mjlab_velocity_flat_unitree_go2,medium,1000,mlpwm_flowpolicy,MLP world model + Flow policy,pwm_5M_flowpolicy,7,default,15000,128,40,5,1000,flow-mbpo-formal-training,single_task_online_confirm_mjlab_proxy,"Single-task online RL from scratch on PACE-ICE. task=anymal, method=mlpwm_flowpolicy, profile=default",alg.save_interval=500;++alg.wandb_log_every_epoch=true
confirm_mjlab_proxy_anymal_mlpwm_flowpolicy_s8_default,confirm,mjlab_proxy,anymal,mjlab_velocity_flat_unitree_go2,medium,1000,mlpwm_flowpolicy,MLP world model + Flow policy,pwm_5M_flowpolicy,8,default,15000,128,40,5,1000,flow-mbpo-formal-training,single_task_online_confirm_mjlab_proxy,"Single-task online RL from scratch on PACE-ICE. task=anymal, method=mlpwm_flowpolicy, profile=default",alg.save_interval=500;++alg.wandb_log_every_epoch=true
confirm_mjlab_proxy_anymal_mlpwm_flowpolicy_s9_default,confirm,mjlab_proxy,anymal,mjlab_velocity_flat_unitree_go2,medium,1000,mlpwm_flowpolicy,MLP world model + Flow policy,pwm_5M_flowpolicy,9,default,15000,128,40,5,1000,flow-mbpo-formal-training,single_task_online_confirm_mjlab_proxy,"Single-task online RL from scratch on PACE-ICE. task=anymal, method=mlpwm_flowpolicy, profile=default",alg.save_interval=500;++alg.wandb_log_every_epoch=true
confirm_mjlab_proxy_anymal_flowwm_flowpolicy_s0_default,confirm,mjlab_proxy,anymal,mjlab_velocity_flat_unitree_go2,medium,1000,flowwm_flowpolicy,Flow world model + Flow policy,pwm_5M_fullflow,0,default,15000,128,40,5,1000,flow-mbpo-formal-training,single_task_online_confirm_mjlab_proxy,"Single-task online RL from scratch on PACE-ICE. task=anymal, method=flowwm_flowpolicy, profile=default",alg.save_interval=500;++alg.wandb_log_every_epoch=true
confirm_mjlab_proxy_anymal_flowwm_flowpolicy_s1_default,confirm,mjlab_proxy,anymal,mjlab_velocity_flat_unitree_go2,medium,1000,flowwm_flowpolicy,Flow world model + Flow policy,pwm_5M_fullflow,1,default,15000,128,40,5,1000,flow-mbpo-formal-training,single_task_online_confirm_mjlab_proxy,"Single-task online RL from scratch on PACE-ICE. task=anymal, method=flowwm_flowpolicy, profile=default",alg.save_interval=500;++alg.wandb_log_every_epoch=true
confirm_mjlab_proxy_anymal_flowwm_flowpolicy_s2_default,confirm,mjlab_proxy,anymal,mjlab_velocity_flat_unitree_go2,medium,1000,flowwm_flowpolicy,Flow world model + Flow policy,pwm_5M_fullflow,2,default,15000,128,40,5,1000,flow-mbpo-formal-training,single_task_online_confirm_mjlab_proxy,"Single-task online RL from scratch on PACE-ICE. task=anymal, method=flowwm_flowpolicy, profile=default",alg.save_interval=500;++alg.wandb_log_every_epoch=true
confirm_mjlab_proxy_anymal_flowwm_flowpolicy_s3_default,confirm,mjlab_proxy,anymal,mjlab_velocity_flat_unitree_go2,medium,1000,flowwm_flowpolicy,Flow world model + Flow policy,pwm_5M_fullflow,3,default,15000,128,40,5,1000,flow-mbpo-formal-training,single_task_online_confirm_mjlab_proxy,"Single-task online RL from scratch on PACE-ICE. task=anymal, method=flowwm_flowpolicy, profile=default",alg.save_interval=500;++alg.wandb_log_every_epoch=true
confirm_mjlab_proxy_anymal_flowwm_flowpolicy_s4_default,confirm,mjlab_proxy,anymal,mjlab_velocity_flat_unitree_go2,medium,1000,flowwm_flowpolicy,Flow world model + Flow policy,pwm_5M_fullflow,4,default,15000,128,40,5,1000,flow-mbpo-formal-training,single_task_online_confirm_mjlab_proxy,"Single-task online RL from scratch on PACE-ICE. task=anymal, method=flowwm_flowpolicy, profile=default",alg.save_interval=500;++alg.wandb_log_every_epoch=true
confirm_mjlab_proxy_anymal_flowwm_flowpolicy_s5_default,confirm,mjlab_proxy,anymal,mjlab_velocity_flat_unitree_go2,medium,1000,flowwm_flowpolicy,Flow world model + Flow policy,pwm_5M_fullflow,5,default,15000,128,40,5,1000,flow-mbpo-formal-training,single_task_online_confirm_mjlab_proxy,"Single-task online RL from scratch on PACE-ICE. task=anymal, method=flowwm_flowpolicy, profile=default",alg.save_interval=500;++alg.wandb_log_every_epoch=true
confirm_mjlab_proxy_anymal_flowwm_flowpolicy_s6_default,confirm,mjlab_proxy,anymal,mjlab_velocity_flat_unitree_go2,medium,1000,flowwm_flowpolicy,Flow world model + Flow policy,pwm_5M_fullflow,6,default,15000,128,40,5,1000,flow-mbpo-formal-training,single_task_online_confirm_mjlab_proxy,"Single-task online RL from scratch on PACE-ICE. task=anymal, method=flowwm_flowpolicy, profile=default",alg.save_interval=500;++alg.wandb_log_every_epoch=true
confirm_mjlab_proxy_anymal_flowwm_flowpolicy_s7_default,confirm,mjlab_proxy,anymal,mjlab_velocity_flat_unitree_go2,medium,1000,flowwm_flowpolicy,Flow world model + Flow policy,pwm_5M_fullflow,7,default,15000,128,40,5,1000,flow-mbpo-formal-training,single_task_online_confirm_mjlab_proxy,"Single-task online RL from scratch on PACE-ICE. task=anymal, method=flowwm_flowpolicy, profile=default",alg.save_interval=500;++alg.wandb_log_every_epoch=true
confirm_mjlab_proxy_anymal_flowwm_flowpolicy_s8_default,confirm,mjlab_proxy,anymal,mjlab_velocity_flat_unitree_go2,medium,1000,flowwm_flowpolicy,Flow world model + Flow policy,pwm_5M_fullflow,8,default,15000,128,40,5,1000,flow-mbpo-formal-training,single_task_online_confirm_mjlab_proxy,"Single-task online RL from scratch on PACE-ICE. task=anymal, method=flowwm_flowpolicy, profile=default",alg.save_interval=500;++alg.wandb_log_every_epoch=true
confirm_mjlab_proxy_anymal_flowwm_flowpolicy_s9_default,confirm,mjlab_proxy,anymal,mjlab_velocity_flat_unitree_go2,medium,1000,flowwm_flowpolicy,Flow world model + Flow policy,pwm_5M_fullflow,9,default,15000,128,40,5,1000,flow-mbpo-formal-training,single_task_online_confirm_mjlab_proxy,"Single-task online RL from scratch on PACE-ICE. task=anymal, method=flowwm_flowpolicy, profile=default",alg.save_interval=500;++alg.wandb_log_every_epoch=true
confirm_gym_humanoid_mlpwm_mlppolicy_s0_default,confirm,gym,humanoid,gym_humanoid_mujoco,medium_high,1000,mlpwm_mlppolicy,PWM baseline (MLP world model + MLP policy),pwm_5M_baseline_final,0,default,15000,64,40,5,1000,flow-mbpo-formal-training,single_task_online_confirm_gym,"Single-task online RL from scratch on PACE-ICE. task=humanoid, method=mlpwm_mlppolicy, profile=default",alg.save_interval=500;++alg.wandb_log_every_epoch=true
confirm_gym_humanoid_mlpwm_mlppolicy_s1_default,confirm,gym,humanoid,gym_humanoid_mujoco,medium_high,1000,mlpwm_mlppolicy,PWM baseline (MLP world model + MLP policy),pwm_5M_baseline_final,1,default,15000,64,40,5,1000,flow-mbpo-formal-training,single_task_online_confirm_gym,"Single-task online RL from scratch on PACE-ICE. task=humanoid, method=mlpwm_mlppolicy, profile=default",alg.save_interval=500;++alg.wandb_log_every_epoch=true
confirm_gym_humanoid_mlpwm_mlppolicy_s2_default,confirm,gym,humanoid,gym_humanoid_mujoco,medium_high,1000,mlpwm_mlppolicy,PWM baseline (MLP world model + MLP policy),pwm_5M_baseline_final,2,default,15000,64,40,5,1000,flow-mbpo-formal-training,single_task_online_confirm_gym,"Single-task online RL from scratch on PACE-ICE. task=humanoid, method=mlpwm_mlppolicy, profile=default",alg.save_interval=500;++alg.wandb_log_every_epoch=true
confirm_gym_humanoid_mlpwm_mlppolicy_s3_default,confirm,gym,humanoid,gym_humanoid_mujoco,medium_high,1000,mlpwm_mlppolicy,PWM baseline (MLP world model + MLP policy),pwm_5M_baseline_final,3,default,15000,64,40,5,1000,flow-mbpo-formal-training,single_task_online_confirm_gym,"Single-task online RL from scratch on PACE-ICE. task=humanoid, method=mlpwm_mlppolicy, profile=default",alg.save_interval=500;++alg.wandb_log_every_epoch=true
confirm_gym_humanoid_mlpwm_mlppolicy_s4_default,confirm,gym,humanoid,gym_humanoid_mujoco,medium_high,1000,mlpwm_mlppolicy,PWM baseline (MLP world model + MLP policy),pwm_5M_baseline_final,4,default,15000,64,40,5,1000,flow-mbpo-formal-training,single_task_online_confirm_gym,"Single-task online RL from scratch on PACE-ICE. task=humanoid, method=mlpwm_mlppolicy, profile=default",alg.save_interval=500;++alg.wandb_log_every_epoch=true
confirm_gym_humanoid_mlpwm_mlppolicy_s5_default,confirm,gym,humanoid,gym_humanoid_mujoco,medium_high,1000,mlpwm_mlppolicy,PWM baseline (MLP world model + MLP policy),pwm_5M_baseline_final,5,default,15000,64,40,5,1000,flow-mbpo-formal-training,single_task_online_confirm_gym,"Single-task online RL from scratch on PACE-ICE. task=humanoid, method=mlpwm_mlppolicy, profile=default",alg.save_interval=500;++alg.wandb_log_every_epoch=true
confirm_gym_humanoid_mlpwm_mlppolicy_s6_default,confirm,gym,humanoid,gym_humanoid_mujoco,medium_high,1000,mlpwm_mlppolicy,PWM baseline (MLP world model + MLP policy),pwm_5M_baseline_final,6,default,15000,64,40,5,1000,flow-mbpo-formal-training,single_task_online_confirm_gym,"Single-task online RL from scratch on PACE-ICE. task=humanoid, method=mlpwm_mlppolicy, profile=default",alg.save_interval=500;++alg.wandb_log_every_epoch=true
confirm_gym_humanoid_mlpwm_mlppolicy_s7_default,confirm,gym,humanoid,gym_humanoid_mujoco,medium_high,1000,mlpwm_mlppolicy,PWM baseline (MLP world model + MLP policy),pwm_5M_baseline_final,7,default,15000,64,40,5,1000,flow-mbpo-formal-training,single_task_online_confirm_gym,"Single-task online RL from scratch on PACE-ICE. task=humanoid, method=mlpwm_mlppolicy, profile=default",alg.save_interval=500;++alg.wandb_log_every_epoch=true
confirm_gym_humanoid_mlpwm_mlppolicy_s8_default,confirm,gym,humanoid,gym_humanoid_mujoco,medium_high,1000,mlpwm_mlppolicy,PWM baseline (MLP world model + MLP policy),pwm_5M_baseline_final,8,default,15000,64,40,5,1000,flow-mbpo-formal-training,single_task_online_confirm_gym,"Single-task online RL from scratch on PACE-ICE. task=humanoid, method=mlpwm_mlppolicy, profile=default",alg.save_interval=500;++alg.wandb_log_every_epoch=true
confirm_gym_humanoid_mlpwm_mlppolicy_s9_default,confirm,gym,humanoid,gym_humanoid_mujoco,medium_high,1000,mlpwm_mlppolicy,PWM baseline (MLP world model + MLP policy),pwm_5M_baseline_final,9,default,15000,64,40,5,1000,flow-mbpo-formal-training,single_task_online_confirm_gym,"Single-task online RL from scratch on PACE-ICE. task=humanoid, method=mlpwm_mlppolicy, profile=default",alg.save_interval=500;++alg.wandb_log_every_epoch=true
confirm_gym_humanoid_flowwm_mlppolicy_s0_default,confirm,gym,humanoid,gym_humanoid_mujoco,medium_high,1000,flowwm_mlppolicy,Flow world model + MLP policy,pwm_5M_flow_v2_substeps4,0,default,15000,64,40,5,1000,flow-mbpo-formal-training,single_task_online_confirm_gym,"Single-task online RL from scratch on PACE-ICE. task=humanoid, method=flowwm_mlppolicy, profile=default",alg.save_interval=500;++alg.wandb_log_every_epoch=true
confirm_gym_humanoid_flowwm_mlppolicy_s1_default,confirm,gym,humanoid,gym_humanoid_mujoco,medium_high,1000,flowwm_mlppolicy,Flow world model + MLP policy,pwm_5M_flow_v2_substeps4,1,default,15000,64,40,5,1000,flow-mbpo-formal-training,single_task_online_confirm_gym,"Single-task online RL from scratch on PACE-ICE. task=humanoid, method=flowwm_mlppolicy, profile=default",alg.save_interval=500;++alg.wandb_log_every_epoch=true
confirm_gym_humanoid_flowwm_mlppolicy_s2_default,confirm,gym,humanoid,gym_humanoid_mujoco,medium_high,1000,flowwm_mlppolicy,Flow world model + MLP policy,pwm_5M_flow_v2_substeps4,2,default,15000,64,40,5,1000,flow-mbpo-formal-training,single_task_online_confirm_gym,"Single-task online RL from scratch on PACE-ICE. task=humanoid, method=flowwm_mlppolicy, profile=default",alg.save_interval=500;++alg.wandb_log_every_epoch=true
confirm_gym_humanoid_flowwm_mlppolicy_s3_default,confirm,gym,humanoid,gym_humanoid_mujoco,medium_high,1000,flowwm_mlppolicy,Flow world model + MLP policy,pwm_5M_flow_v2_substeps4,3,default,15000,64,40,5,1000,flow-mbpo-formal-training,single_task_online_confirm_gym,"Single-task online RL from scratch on PACE-ICE. task=humanoid, method=flowwm_mlppolicy, profile=default",alg.save_interval=500;++alg.wandb_log_every_epoch=true
confirm_gym_humanoid_flowwm_mlppolicy_s4_default,confirm,gym,humanoid,gym_humanoid_mujoco,medium_high,1000,flowwm_mlppolicy,Flow world model + MLP policy,pwm_5M_flow_v2_substeps4,4,default,15000,64,40,5,1000,flow-mbpo-formal-training,single_task_online_confirm_gym,"Single-task online RL from scratch on PACE-ICE. task=humanoid, method=flowwm_mlppolicy, profile=default",alg.save_interval=500;++alg.wandb_log_every_epoch=true
confirm_gym_humanoid_flowwm_mlppolicy_s5_default,confirm,gym,humanoid,gym_humanoid_mujoco,medium_high,1000,flowwm_mlppolicy,Flow world model + MLP policy,pwm_5M_flow_v2_substeps4,5,default,15000,64,40,5,1000,flow-mbpo-formal-training,single_task_online_confirm_gym,"Single-task online RL from scratch on PACE-ICE. task=humanoid, method=flowwm_mlppolicy, profile=default",alg.save_interval=500;++alg.wandb_log_every_epoch=true
confirm_gym_humanoid_flowwm_mlppolicy_s6_default,confirm,gym,humanoid,gym_humanoid_mujoco,medium_high,1000,flowwm_mlppolicy,Flow world model + MLP policy,pwm_5M_flow_v2_substeps4,6,default,15000,64,40,5,1000,flow-mbpo-formal-training,single_task_online_confirm_gym,"Single-task online RL from scratch on PACE-ICE. task=humanoid, method=flowwm_mlppolicy, profile=default",alg.save_interval=500;++alg.wandb_log_every_epoch=true
confirm_gym_humanoid_flowwm_mlppolicy_s7_default,confirm,gym,humanoid,gym_humanoid_mujoco,medium_high,1000,flowwm_mlppolicy,Flow world model + MLP policy,pwm_5M_flow_v2_substeps4,7,default,15000,64,40,5,1000,flow-mbpo-formal-training,single_task_online_confirm_gym,"Single-task online RL from scratch on PACE-ICE. task=humanoid, method=flowwm_mlppolicy, profile=default",alg.save_interval=500;++alg.wandb_log_every_epoch=true
confirm_gym_humanoid_flowwm_mlppolicy_s8_default,confirm,gym,humanoid,gym_humanoid_mujoco,medium_high,1000,flowwm_mlppolicy,Flow world model + MLP policy,pwm_5M_flow_v2_substeps4,8,default,15000,64,40,5,1000,flow-mbpo-formal-training,single_task_online_confirm_gym,"Single-task online RL from scratch on PACE-ICE. task=humanoid, method=flowwm_mlppolicy, profile=default",alg.save_interval=500;++alg.wandb_log_every_epoch=true
confirm_gym_humanoid_flowwm_mlppolicy_s9_default,confirm,gym,humanoid,gym_humanoid_mujoco,medium_high,1000,flowwm_mlppolicy,Flow world model + MLP policy,pwm_5M_flow_v2_substeps4,9,default,15000,64,40,5,1000,flow-mbpo-formal-training,single_task_online_confirm_gym,"Single-task online RL from scratch on PACE-ICE. task=humanoid, method=flowwm_mlppolicy, profile=default",alg.save_interval=500;++alg.wandb_log_every_epoch=true
confirm_gym_humanoid_mlpwm_flowpolicy_s0_default,confirm,gym,humanoid,gym_humanoid_mujoco,medium_high,1000,mlpwm_flowpolicy,MLP world model + Flow policy,pwm_5M_flowpolicy,0,default,15000,64,40,5,1000,flow-mbpo-formal-training,single_task_online_confirm_gym,"Single-task online RL from scratch on PACE-ICE. task=humanoid, method=mlpwm_flowpolicy, profile=default",alg.save_interval=500;++alg.wandb_log_every_epoch=true
confirm_gym_humanoid_mlpwm_flowpolicy_s1_default,confirm,gym,humanoid,gym_humanoid_mujoco,medium_high,1000,mlpwm_flowpolicy,MLP world model + Flow policy,pwm_5M_flowpolicy,1,default,15000,64,40,5,1000,flow-mbpo-formal-training,single_task_online_confirm_gym,"Single-task online RL from scratch on PACE-ICE. task=humanoid, method=mlpwm_flowpolicy, profile=default",alg.save_interval=500;++alg.wandb_log_every_epoch=true
confirm_gym_humanoid_mlpwm_flowpolicy_s2_default,confirm,gym,humanoid,gym_humanoid_mujoco,medium_high,1000,mlpwm_flowpolicy,MLP world model + Flow policy,pwm_5M_flowpolicy,2,default,15000,64,40,5,1000,flow-mbpo-formal-training,single_task_online_confirm_gym,"Single-task online RL from scratch on PACE-ICE. task=humanoid, method=mlpwm_flowpolicy, profile=default",alg.save_interval=500;++alg.wandb_log_every_epoch=true
confirm_gym_humanoid_mlpwm_flowpolicy_s3_default,confirm,gym,humanoid,gym_humanoid_mujoco,medium_high,1000,mlpwm_flowpolicy,MLP world model + Flow policy,pwm_5M_flowpolicy,3,default,15000,64,40,5,1000,flow-mbpo-formal-training,single_task_online_confirm_gym,"Single-task online RL from scratch on PACE-ICE. task=humanoid, method=mlpwm_flowpolicy, profile=default",alg.save_interval=500;++alg.wandb_log_every_epoch=true
confirm_gym_humanoid_mlpwm_flowpolicy_s4_default,confirm,gym,humanoid,gym_humanoid_mujoco,medium_high,1000,mlpwm_flowpolicy,MLP world model + Flow policy,pwm_5M_flowpolicy,4,default,15000,64,40,5,1000,flow-mbpo-formal-training,single_task_online_confirm_gym,"Single-task online RL from scratch on PACE-ICE. task=humanoid, method=mlpwm_flowpolicy, profile=default",alg.save_interval=500;++alg.wandb_log_every_epoch=true
confirm_gym_humanoid_mlpwm_flowpolicy_s5_default,confirm,gym,humanoid,gym_humanoid_mujoco,medium_high,1000,mlpwm_flowpolicy,MLP world model + Flow policy,pwm_5M_flowpolicy,5,default,15000,64,40,5,1000,flow-mbpo-formal-training,single_task_online_confirm_gym,"Single-task online RL from scratch on PACE-ICE. task=humanoid, method=mlpwm_flowpolicy, profile=default",alg.save_interval=500;++alg.wandb_log_every_epoch=true
confirm_gym_humanoid_mlpwm_flowpolicy_s6_default,confirm,gym,humanoid,gym_humanoid_mujoco,medium_high,1000,mlpwm_flowpolicy,MLP world model + Flow policy,pwm_5M_flowpolicy,6,default,15000,64,40,5,1000,flow-mbpo-formal-training,single_task_online_confirm_gym,"Single-task online RL from scratch on PACE-ICE. task=humanoid, method=mlpwm_flowpolicy, profile=default",alg.save_interval=500;++alg.wandb_log_every_epoch=true
confirm_gym_humanoid_mlpwm_flowpolicy_s7_default,confirm,gym,humanoid,gym_humanoid_mujoco,medium_high,1000,mlpwm_flowpolicy,MLP world model + Flow policy,pwm_5M_flowpolicy,7,default,15000,64,40,5,1000,flow-mbpo-formal-training,single_task_online_confirm_gym,"Single-task online RL from scratch on PACE-ICE. task=humanoid, method=mlpwm_flowpolicy, profile=default",alg.save_interval=500;++alg.wandb_log_every_epoch=true
confirm_gym_humanoid_mlpwm_flowpolicy_s8_default,confirm,gym,humanoid,gym_humanoid_mujoco,medium_high,1000,mlpwm_flowpolicy,MLP world model + Flow policy,pwm_5M_flowpolicy,8,default,15000,64,40,5,1000,flow-mbpo-formal-training,single_task_online_confirm_gym,"Single-task online RL from scratch on PACE-ICE. task=humanoid, method=mlpwm_flowpolicy, profile=default",alg.save_interval=500;++alg.wandb_log_every_epoch=true
confirm_gym_humanoid_mlpwm_flowpolicy_s9_default,confirm,gym,humanoid,gym_humanoid_mujoco,medium_high,1000,mlpwm_flowpolicy,MLP world model + Flow policy,pwm_5M_flowpolicy,9,default,15000,64,40,5,1000,flow-mbpo-formal-training,single_task_online_confirm_gym,"Single-task online RL from scratch on PACE-ICE. task=humanoid, method=mlpwm_flowpolicy, profile=default",alg.save_interval=500;++alg.wandb_log_every_epoch=true
confirm_gym_humanoid_flowwm_flowpolicy_s0_default,confirm,gym,humanoid,gym_humanoid_mujoco,medium_high,1000,flowwm_flowpolicy,Flow world model + Flow policy,pwm_5M_fullflow,0,default,15000,64,40,5,1000,flow-mbpo-formal-training,single_task_online_confirm_gym,"Single-task online RL from scratch on PACE-ICE. task=humanoid, method=flowwm_flowpolicy, profile=default",alg.save_interval=500;++alg.wandb_log_every_epoch=true
confirm_gym_humanoid_flowwm_flowpolicy_s1_default,confirm,gym,humanoid,gym_humanoid_mujoco,medium_high,1000,flowwm_flowpolicy,Flow world model + Flow policy,pwm_5M_fullflow,1,default,15000,64,40,5,1000,flow-mbpo-formal-training,single_task_online_confirm_gym,"Single-task online RL from scratch on PACE-ICE. task=humanoid, method=flowwm_flowpolicy, profile=default",alg.save_interval=500;++alg.wandb_log_every_epoch=true
confirm_gym_humanoid_flowwm_flowpolicy_s2_default,confirm,gym,humanoid,gym_humanoid_mujoco,medium_high,1000,flowwm_flowpolicy,Flow world model + Flow policy,pwm_5M_fullflow,2,default,15000,64,40,5,1000,flow-mbpo-formal-training,single_task_online_confirm_gym,"Single-task online RL from scratch on PACE-ICE. task=humanoid, method=flowwm_flowpolicy, profile=default",alg.save_interval=500;++alg.wandb_log_every_epoch=true
confirm_gym_humanoid_flowwm_flowpolicy_s3_default,confirm,gym,humanoid,gym_humanoid_mujoco,medium_high,1000,flowwm_flowpolicy,Flow world model + Flow policy,pwm_5M_fullflow,3,default,15000,64,40,5,1000,flow-mbpo-formal-training,single_task_online_confirm_gym,"Single-task online RL from scratch on PACE-ICE. task=humanoid, method=flowwm_flowpolicy, profile=default",alg.save_interval=500;++alg.wandb_log_every_epoch=true
confirm_gym_humanoid_flowwm_flowpolicy_s4_default,confirm,gym,humanoid,gym_humanoid_mujoco,medium_high,1000,flowwm_flowpolicy,Flow world model + Flow policy,pwm_5M_fullflow,4,default,15000,64,40,5,1000,flow-mbpo-formal-training,single_task_online_confirm_gym,"Single-task online RL from scratch on PACE-ICE. task=humanoid, method=flowwm_flowpolicy, profile=default",alg.save_interval=500;++alg.wandb_log_every_epoch=true
confirm_gym_humanoid_flowwm_flowpolicy_s5_default,confirm,gym,humanoid,gym_humanoid_mujoco,medium_high,1000,flowwm_flowpolicy,Flow world model + Flow policy,pwm_5M_fullflow,5,default,15000,64,40,5,1000,flow-mbpo-formal-training,single_task_online_confirm_gym,"Single-task online RL from scratch on PACE-ICE. task=humanoid, method=flowwm_flowpolicy, profile=default",alg.save_interval=500;++alg.wandb_log_every_epoch=true
confirm_gym_humanoid_flowwm_flowpolicy_s6_default,confirm,gym,humanoid,gym_humanoid_mujoco,medium_high,1000,flowwm_flowpolicy,Flow world model + Flow policy,pwm_5M_fullflow,6,default,15000,64,40,5,1000,flow-mbpo-formal-training,single_task_online_confirm_gym,"Single-task online RL from scratch on PACE-ICE. task=humanoid, method=flowwm_flowpolicy, profile=default",alg.save_interval=500;++alg.wandb_log_every_epoch=true
confirm_gym_humanoid_flowwm_flowpolicy_s7_default,confirm,gym,humanoid,gym_humanoid_mujoco,medium_high,1000,flowwm_flowpolicy,Flow world model + Flow policy,pwm_5M_fullflow,7,default,15000,64,40,5,1000,flow-mbpo-formal-training,single_task_online_confirm_gym,"Single-task online RL from scratch on PACE-ICE. task=humanoid, method=flowwm_flowpolicy, profile=default",alg.save_interval=500;++alg.wandb_log_every_epoch=true
confirm_gym_humanoid_flowwm_flowpolicy_s8_default,confirm,gym,humanoid,gym_humanoid_mujoco,medium_high,1000,flowwm_flowpolicy,Flow world model + Flow policy,pwm_5M_fullflow,8,default,15000,64,40,5,1000,flow-mbpo-formal-training,single_task_online_confirm_gym,"Single-task online RL from scratch on PACE-ICE. task=humanoid, method=flowwm_flowpolicy, profile=default",alg.save_interval=500;++alg.wandb_log_every_epoch=true
confirm_gym_humanoid_flowwm_flowpolicy_s9_default,confirm,gym,humanoid,gym_humanoid_mujoco,medium_high,1000,flowwm_flowpolicy,Flow world model + Flow policy,pwm_5M_fullflow,9,default,15000,64,40,5,1000,flow-mbpo-formal-training,single_task_online_confirm_gym,"Single-task online RL from scratch on PACE-ICE. task=humanoid, method=flowwm_flowpolicy, profile=default",alg.save_interval=500;++alg.wandb_log_every_epoch=true
confirm_mjlab_proxy_snu_humanoid_mlpwm_mlppolicy_s0_default,confirm,mjlab_proxy,snu_humanoid,mjlab_velocity_flat_unitree_g1,high,1000,mlpwm_mlppolicy,PWM baseline (MLP world model + MLP policy),pwm_5M_baseline_final,0,default,15000,128,40,5,1000,flow-mbpo-formal-training,single_task_online_confirm_mjlab_proxy,"Single-task online RL from scratch on PACE-ICE. task=snu_humanoid, method=mlpwm_mlppolicy, profile=default",alg.save_interval=500;++alg.wandb_log_every_epoch=true
confirm_mjlab_proxy_snu_humanoid_mlpwm_mlppolicy_s1_default,confirm,mjlab_proxy,snu_humanoid,mjlab_velocity_flat_unitree_g1,high,1000,mlpwm_mlppolicy,PWM baseline (MLP world model + MLP policy),pwm_5M_baseline_final,1,default,15000,128,40,5,1000,flow-mbpo-formal-training,single_task_online_confirm_mjlab_proxy,"Single-task online RL from scratch on PACE-ICE. task=snu_humanoid, method=mlpwm_mlppolicy, profile=default",alg.save_interval=500;++alg.wandb_log_every_epoch=true
confirm_mjlab_proxy_snu_humanoid_mlpwm_mlppolicy_s2_default,confirm,mjlab_proxy,snu_humanoid,mjlab_velocity_flat_unitree_g1,high,1000,mlpwm_mlppolicy,PWM baseline (MLP world model + MLP policy),pwm_5M_baseline_final,2,default,15000,128,40,5,1000,flow-mbpo-formal-training,single_task_online_confirm_mjlab_proxy,"Single-task online RL from scratch on PACE-ICE. task=snu_humanoid, method=mlpwm_mlppolicy, profile=default",alg.save_interval=500;++alg.wandb_log_every_epoch=true
confirm_mjlab_proxy_snu_humanoid_mlpwm_mlppolicy_s3_default,confirm,mjlab_proxy,snu_humanoid,mjlab_velocity_flat_unitree_g1,high,1000,mlpwm_mlppolicy,PWM baseline (MLP world model + MLP policy),pwm_5M_baseline_final,3,default,15000,128,40,5,1000,flow-mbpo-formal-training,single_task_online_confirm_mjlab_proxy,"Single-task online RL from scratch on PACE-ICE. task=snu_humanoid, method=mlpwm_mlppolicy, profile=default",alg.save_interval=500;++alg.wandb_log_every_epoch=true
confirm_mjlab_proxy_snu_humanoid_mlpwm_mlppolicy_s4_default,confirm,mjlab_proxy,snu_humanoid,mjlab_velocity_flat_unitree_g1,high,1000,mlpwm_mlppolicy,PWM baseline (MLP world model + MLP policy),pwm_5M_baseline_final,4,default,15000,128,40,5,1000,flow-mbpo-formal-training,single_task_online_confirm_mjlab_proxy,"Single-task online RL from scratch on PACE-ICE. task=snu_humanoid, method=mlpwm_mlppolicy, profile=default",alg.save_interval=500;++alg.wandb_log_every_epoch=true
confirm_mjlab_proxy_snu_humanoid_mlpwm_mlppolicy_s5_default,confirm,mjlab_proxy,snu_humanoid,mjlab_velocity_flat_unitree_g1,high,1000,mlpwm_mlppolicy,PWM baseline (MLP world model + MLP policy),pwm_5M_baseline_final,5,default,15000,128,40,5,1000,flow-mbpo-formal-training,single_task_online_confirm_mjlab_proxy,"Single-task online RL from scratch on PACE-ICE. task=snu_humanoid, method=mlpwm_mlppolicy, profile=default",alg.save_interval=500;++alg.wandb_log_every_epoch=true
confirm_mjlab_proxy_snu_humanoid_mlpwm_mlppolicy_s6_default,confirm,mjlab_proxy,snu_humanoid,mjlab_velocity_flat_unitree_g1,high,1000,mlpwm_mlppolicy,PWM baseline (MLP world model + MLP policy),pwm_5M_baseline_final,6,default,15000,128,40,5,1000,flow-mbpo-formal-training,single_task_online_confirm_mjlab_proxy,"Single-task online RL from scratch on PACE-ICE. task=snu_humanoid, method=mlpwm_mlppolicy, profile=default",alg.save_interval=500;++alg.wandb_log_every_epoch=true
confirm_mjlab_proxy_snu_humanoid_mlpwm_mlppolicy_s7_default,confirm,mjlab_proxy,snu_humanoid,mjlab_velocity_flat_unitree_g1,high,1000,mlpwm_mlppolicy,PWM baseline (MLP world model + MLP policy),pwm_5M_baseline_final,7,default,15000,128,40,5,1000,flow-mbpo-formal-training,single_task_online_confirm_mjlab_proxy,"Single-task online RL from scratch on PACE-ICE. task=snu_humanoid, method=mlpwm_mlppolicy, profile=default",alg.save_interval=500;++alg.wandb_log_every_epoch=true
confirm_mjlab_proxy_snu_humanoid_mlpwm_mlppolicy_s8_default,confirm,mjlab_proxy,snu_humanoid,mjlab_velocity_flat_unitree_g1,high,1000,mlpwm_mlppolicy,PWM baseline (MLP world model + MLP policy),pwm_5M_baseline_final,8,default,15000,128,40,5,1000,flow-mbpo-formal-training,single_task_online_confirm_mjlab_proxy,"Single-task online RL from scratch on PACE-ICE. task=snu_humanoid, method=mlpwm_mlppolicy, profile=default",alg.save_interval=500;++alg.wandb_log_every_epoch=true
confirm_mjlab_proxy_snu_humanoid_mlpwm_mlppolicy_s9_default,confirm,mjlab_proxy,snu_humanoid,mjlab_velocity_flat_unitree_g1,high,1000,mlpwm_mlppolicy,PWM baseline (MLP world model + MLP policy),pwm_5M_baseline_final,9,default,15000,128,40,5,1000,flow-mbpo-formal-training,single_task_online_confirm_mjlab_proxy,"Single-task online RL from scratch on PACE-ICE. task=snu_humanoid, method=mlpwm_mlppolicy, profile=default",alg.save_interval=500;++alg.wandb_log_every_epoch=true
confirm_mjlab_proxy_snu_humanoid_flowwm_mlppolicy_s0_default,confirm,mjlab_proxy,snu_humanoid,mjlab_velocity_flat_unitree_g1,high,1000,flowwm_mlppolicy,Flow world model + MLP policy,pwm_5M_flow_v2_substeps4,0,default,15000,128,40,5,1000,flow-mbpo-formal-training,single_task_online_confirm_mjlab_proxy,"Single-task online RL from scratch on PACE-ICE. task=snu_humanoid, method=flowwm_mlppolicy, profile=default",alg.save_interval=500;++alg.wandb_log_every_epoch=true
confirm_mjlab_proxy_snu_humanoid_flowwm_mlppolicy_s1_default,confirm,mjlab_proxy,snu_humanoid,mjlab_velocity_flat_unitree_g1,high,1000,flowwm_mlppolicy,Flow world model + MLP policy,pwm_5M_flow_v2_substeps4,1,default,15000,128,40,5,1000,flow-mbpo-formal-training,single_task_online_confirm_mjlab_proxy,"Single-task online RL from scratch on PACE-ICE. task=snu_humanoid, method=flowwm_mlppolicy, profile=default",alg.save_interval=500;++alg.wandb_log_every_epoch=true
confirm_mjlab_proxy_snu_humanoid_flowwm_mlppolicy_s2_default,confirm,mjlab_proxy,snu_humanoid,mjlab_velocity_flat_unitree_g1,high,1000,flowwm_mlppolicy,Flow world model + MLP policy,pwm_5M_flow_v2_substeps4,2,default,15000,128,40,5,1000,flow-mbpo-formal-training,single_task_online_confirm_mjlab_proxy,"Single-task online RL from scratch on PACE-ICE. task=snu_humanoid, method=flowwm_mlppolicy, profile=default",alg.save_interval=500;++alg.wandb_log_every_epoch=true
confirm_mjlab_proxy_snu_humanoid_flowwm_mlppolicy_s3_default,confirm,mjlab_proxy,snu_humanoid,mjlab_velocity_flat_unitree_g1,high,1000,flowwm_mlppolicy,Flow world model + MLP policy,pwm_5M_flow_v2_substeps4,3,default,15000,128,40,5,1000,flow-mbpo-formal-training,single_task_online_confirm_mjlab_proxy,"Single-task online RL from scratch on PACE-ICE. task=snu_humanoid, method=flowwm_mlppolicy, profile=default",alg.save_interval=500;++alg.wandb_log_every_epoch=true
confirm_mjlab_proxy_snu_humanoid_flowwm_mlppolicy_s4_default,confirm,mjlab_proxy,snu_humanoid,mjlab_velocity_flat_unitree_g1,high,1000,flowwm_mlppolicy,Flow world model + MLP policy,pwm_5M_flow_v2_substeps4,4,default,15000,128,40,5,1000,flow-mbpo-formal-training,single_task_online_confirm_mjlab_proxy,"Single-task online RL from scratch on PACE-ICE. task=snu_humanoid, method=flowwm_mlppolicy, profile=default",alg.save_interval=500;++alg.wandb_log_every_epoch=true
confirm_mjlab_proxy_snu_humanoid_flowwm_mlppolicy_s5_default,confirm,mjlab_proxy,snu_humanoid,mjlab_velocity_flat_unitree_g1,high,1000,flowwm_mlppolicy,Flow world model + MLP policy,pwm_5M_flow_v2_substeps4,5,default,15000,128,40,5,1000,flow-mbpo-formal-training,single_task_online_confirm_mjlab_proxy,"Single-task online RL from scratch on PACE-ICE. task=snu_humanoid, method=flowwm_mlppolicy, profile=default",alg.save_interval=500;++alg.wandb_log_every_epoch=true
confirm_mjlab_proxy_snu_humanoid_flowwm_mlppolicy_s6_default,confirm,mjlab_proxy,snu_humanoid,mjlab_velocity_flat_unitree_g1,high,1000,flowwm_mlppolicy,Flow world model + MLP policy,pwm_5M_flow_v2_substeps4,6,default,15000,128,40,5,1000,flow-mbpo-formal-training,single_task_online_confirm_mjlab_proxy,"Single-task online RL from scratch on PACE-ICE. task=snu_humanoid, method=flowwm_mlppolicy, profile=default",alg.save_interval=500;++alg.wandb_log_every_epoch=true
confirm_mjlab_proxy_snu_humanoid_flowwm_mlppolicy_s7_default,confirm,mjlab_proxy,snu_humanoid,mjlab_velocity_flat_unitree_g1,high,1000,flowwm_mlppolicy,Flow world model + MLP policy,pwm_5M_flow_v2_substeps4,7,default,15000,128,40,5,1000,flow-mbpo-formal-training,single_task_online_confirm_mjlab_proxy,"Single-task online RL from scratch on PACE-ICE. task=snu_humanoid, method=flowwm_mlppolicy, profile=default",alg.save_interval=500;++alg.wandb_log_every_epoch=true
confirm_mjlab_proxy_snu_humanoid_flowwm_mlppolicy_s8_default,confirm,mjlab_proxy,snu_humanoid,mjlab_velocity_flat_unitree_g1,high,1000,flowwm_mlppolicy,Flow world model + MLP policy,pwm_5M_flow_v2_substeps4,8,default,15000,128,40,5,1000,flow-mbpo-formal-training,single_task_online_confirm_mjlab_proxy,"Single-task online RL from scratch on PACE-ICE. task=snu_humanoid, method=flowwm_mlppolicy, profile=default",alg.save_interval=500;++alg.wandb_log_every_epoch=true
confirm_mjlab_proxy_snu_humanoid_flowwm_mlppolicy_s9_default,confirm,mjlab_proxy,snu_humanoid,mjlab_velocity_flat_unitree_g1,high,1000,flowwm_mlppolicy,Flow world model + MLP policy,pwm_5M_flow_v2_substeps4,9,default,15000,128,40,5,1000,flow-mbpo-formal-training,single_task_online_confirm_mjlab_proxy,"Single-task online RL from scratch on PACE-ICE. task=snu_humanoid, method=flowwm_mlppolicy, profile=default",alg.save_interval=500;++alg.wandb_log_every_epoch=true
confirm_mjlab_proxy_snu_humanoid_mlpwm_flowpolicy_s0_default,confirm,mjlab_proxy,snu_humanoid,mjlab_velocity_flat_unitree_g1,high,1000,mlpwm_flowpolicy,MLP world model + Flow policy,pwm_5M_flowpolicy,0,default,15000,128,40,5,1000,flow-mbpo-formal-training,single_task_online_confirm_mjlab_proxy,"Single-task online RL from scratch on PACE-ICE. task=snu_humanoid, method=mlpwm_flowpolicy, profile=default",alg.save_interval=500;++alg.wandb_log_every_epoch=true
confirm_mjlab_proxy_snu_humanoid_mlpwm_flowpolicy_s1_default,confirm,mjlab_proxy,snu_humanoid,mjlab_velocity_flat_unitree_g1,high,1000,mlpwm_flowpolicy,MLP world model + Flow policy,pwm_5M_flowpolicy,1,default,15000,128,40,5,1000,flow-mbpo-formal-training,single_task_online_confirm_mjlab_proxy,"Single-task online RL from scratch on PACE-ICE. task=snu_humanoid, method=mlpwm_flowpolicy, profile=default",alg.save_interval=500;++alg.wandb_log_every_epoch=true
confirm_mjlab_proxy_snu_humanoid_mlpwm_flowpolicy_s2_default,confirm,mjlab_proxy,snu_humanoid,mjlab_velocity_flat_unitree_g1,high,1000,mlpwm_flowpolicy,MLP world model + Flow policy,pwm_5M_flowpolicy,2,default,15000,128,40,5,1000,flow-mbpo-formal-training,single_task_online_confirm_mjlab_proxy,"Single-task online RL from scratch on PACE-ICE. task=snu_humanoid, method=mlpwm_flowpolicy, profile=default",alg.save_interval=500;++alg.wandb_log_every_epoch=true
confirm_mjlab_proxy_snu_humanoid_mlpwm_flowpolicy_s3_default,confirm,mjlab_proxy,snu_humanoid,mjlab_velocity_flat_unitree_g1,high,1000,mlpwm_flowpolicy,MLP world model + Flow policy,pwm_5M_flowpolicy,3,default,15000,128,40,5,1000,flow-mbpo-formal-training,single_task_online_confirm_mjlab_proxy,"Single-task online RL from scratch on PACE-ICE. task=snu_humanoid, method=mlpwm_flowpolicy, profile=default",alg.save_interval=500;++alg.wandb_log_every_epoch=true
confirm_mjlab_proxy_snu_humanoid_mlpwm_flowpolicy_s4_default,confirm,mjlab_proxy,snu_humanoid,mjlab_velocity_flat_unitree_g1,high,1000,mlpwm_flowpolicy,MLP world model + Flow policy,pwm_5M_flowpolicy,4,default,15000,128,40,5,1000,flow-mbpo-formal-training,single_task_online_confirm_mjlab_proxy,"Single-task online RL from scratch on PACE-ICE. task=snu_humanoid, method=mlpwm_flowpolicy, profile=default",alg.save_interval=500;++alg.wandb_log_every_epoch=true
confirm_mjlab_proxy_snu_humanoid_mlpwm_flowpolicy_s5_default,confirm,mjlab_proxy,snu_humanoid,mjlab_velocity_flat_unitree_g1,high,1000,mlpwm_flowpolicy,MLP world model + Flow policy,pwm_5M_flowpolicy,5,default,15000,128,40,5,1000,flow-mbpo-formal-training,single_task_online_confirm_mjlab_proxy,"Single-task online RL from scratch on PACE-ICE. task=snu_humanoid, method=mlpwm_flowpolicy, profile=default",alg.save_interval=500;++alg.wandb_log_every_epoch=true
confirm_mjlab_proxy_snu_humanoid_mlpwm_flowpolicy_s6_default,confirm,mjlab_proxy,snu_humanoid,mjlab_velocity_flat_unitree_g1,high,1000,mlpwm_flowpolicy,MLP world model + Flow policy,pwm_5M_flowpolicy,6,default,15000,128,40,5,1000,flow-mbpo-formal-training,single_task_online_confirm_mjlab_proxy,"Single-task online RL from scratch on PACE-ICE. task=snu_humanoid, method=mlpwm_flowpolicy, profile=default",alg.save_interval=500;++alg.wandb_log_every_epoch=true
confirm_mjlab_proxy_snu_humanoid_mlpwm_flowpolicy_s7_default,confirm,mjlab_proxy,snu_humanoid,mjlab_velocity_flat_unitree_g1,high,1000,mlpwm_flowpolicy,MLP world model + Flow policy,pwm_5M_flowpolicy,7,default,15000,128,40,5,1000,flow-mbpo-formal-training,single_task_online_confirm_mjlab_proxy,"Single-task online RL from scratch on PACE-ICE. task=snu_humanoid, method=mlpwm_flowpolicy, profile=default",alg.save_interval=500;++alg.wandb_log_every_epoch=true
confirm_mjlab_proxy_snu_humanoid_mlpwm_flowpolicy_s8_default,confirm,mjlab_proxy,snu_humanoid,mjlab_velocity_flat_unitree_g1,high,1000,mlpwm_flowpolicy,MLP world model + Flow policy,pwm_5M_flowpolicy,8,default,15000,128,40,5,1000,flow-mbpo-formal-training,single_task_online_confirm_mjlab_proxy,"Single-task online RL from scratch on PACE-ICE. task=snu_humanoid, method=mlpwm_flowpolicy, profile=default",alg.save_interval=500;++alg.wandb_log_every_epoch=true
confirm_mjlab_proxy_snu_humanoid_mlpwm_flowpolicy_s9_default,confirm,mjlab_proxy,snu_humanoid,mjlab_velocity_flat_unitree_g1,high,1000,mlpwm_flowpolicy,MLP world model + Flow policy,pwm_5M_flowpolicy,9,default,15000,128,40,5,1000,flow-mbpo-formal-training,single_task_online_confirm_mjlab_proxy,"Single-task online RL from scratch on PACE-ICE. task=snu_humanoid, method=mlpwm_flowpolicy, profile=default",alg.save_interval=500;++alg.wandb_log_every_epoch=true
confirm_mjlab_proxy_snu_humanoid_flowwm_flowpolicy_s0_default,confirm,mjlab_proxy,snu_humanoid,mjlab_velocity_flat_unitree_g1,high,1000,flowwm_flowpolicy,Flow world model + Flow policy,pwm_5M_fullflow,0,default,15000,128,40,5,1000,flow-mbpo-formal-training,single_task_online_confirm_mjlab_proxy,"Single-task online RL from scratch on PACE-ICE. task=snu_humanoid, method=flowwm_flowpolicy, profile=default",alg.save_interval=500;++alg.wandb_log_every_epoch=true
confirm_mjlab_proxy_snu_humanoid_flowwm_flowpolicy_s1_default,confirm,mjlab_proxy,snu_humanoid,mjlab_velocity_flat_unitree_g1,high,1000,flowwm_flowpolicy,Flow world model + Flow policy,pwm_5M_fullflow,1,default,15000,128,40,5,1000,flow-mbpo-formal-training,single_task_online_confirm_mjlab_proxy,"Single-task online RL from scratch on PACE-ICE. task=snu_humanoid, method=flowwm_flowpolicy, profile=default",alg.save_interval=500;++alg.wandb_log_every_epoch=true
confirm_mjlab_proxy_snu_humanoid_flowwm_flowpolicy_s2_default,confirm,mjlab_proxy,snu_humanoid,mjlab_velocity_flat_unitree_g1,high,1000,flowwm_flowpolicy,Flow world model + Flow policy,pwm_5M_fullflow,2,default,15000,128,40,5,1000,flow-mbpo-formal-training,single_task_online_confirm_mjlab_proxy,"Single-task online RL from scratch on PACE-ICE. task=snu_humanoid, method=flowwm_flowpolicy, profile=default",alg.save_interval=500;++alg.wandb_log_every_epoch=true
confirm_mjlab_proxy_snu_humanoid_flowwm_flowpolicy_s3_default,confirm,mjlab_proxy,snu_humanoid,mjlab_velocity_flat_unitree_g1,high,1000,flowwm_flowpolicy,Flow world model + Flow policy,pwm_5M_fullflow,3,default,15000,128,40,5,1000,flow-mbpo-formal-training,single_task_online_confirm_mjlab_proxy,"Single-task online RL from scratch on PACE-ICE. task=snu_humanoid, method=flowwm_flowpolicy, profile=default",alg.save_interval=500;++alg.wandb_log_every_epoch=true
confirm_mjlab_proxy_snu_humanoid_flowwm_flowpolicy_s4_default,confirm,mjlab_proxy,snu_humanoid,mjlab_velocity_flat_unitree_g1,high,1000,flowwm_flowpolicy,Flow world model + Flow policy,pwm_5M_fullflow,4,default,15000,128,40,5,1000,flow-mbpo-formal-training,single_task_online_confirm_mjlab_proxy,"Single-task online RL from scratch on PACE-ICE. task=snu_humanoid, method=flowwm_flowpolicy, profile=default",alg.save_interval=500;++alg.wandb_log_every_epoch=true
confirm_mjlab_proxy_snu_humanoid_flowwm_flowpolicy_s5_default,confirm,mjlab_proxy,snu_humanoid,mjlab_velocity_flat_unitree_g1,high,1000,flowwm_flowpolicy,Flow world model + Flow policy,pwm_5M_fullflow,5,default,15000,128,40,5,1000,flow-mbpo-formal-training,single_task_online_confirm_mjlab_proxy,"Single-task online RL from scratch on PACE-ICE. task=snu_humanoid, method=flowwm_flowpolicy, profile=default",alg.save_interval=500;++alg.wandb_log_every_epoch=true
confirm_mjlab_proxy_snu_humanoid_flowwm_flowpolicy_s6_default,confirm,mjlab_proxy,snu_humanoid,mjlab_velocity_flat_unitree_g1,high,1000,flowwm_flowpolicy,Flow world model + Flow policy,pwm_5M_fullflow,6,default,15000,128,40,5,1000,flow-mbpo-formal-training,single_task_online_confirm_mjlab_proxy,"Single-task online RL from scratch on PACE-ICE. task=snu_humanoid, method=flowwm_flowpolicy, profile=default",alg.save_interval=500;++alg.wandb_log_every_epoch=true
confirm_mjlab_proxy_snu_humanoid_flowwm_flowpolicy_s7_default,confirm,mjlab_proxy,snu_humanoid,mjlab_velocity_flat_unitree_g1,high,1000,flowwm_flowpolicy,Flow world model + Flow policy,pwm_5M_fullflow,7,default,15000,128,40,5,1000,flow-mbpo-formal-training,single_task_online_confirm_mjlab_proxy,"Single-task online RL from scratch on PACE-ICE. task=snu_humanoid, method=flowwm_flowpolicy, profile=default",alg.save_interval=500;++alg.wandb_log_every_epoch=true
confirm_mjlab_proxy_snu_humanoid_flowwm_flowpolicy_s8_default,confirm,mjlab_proxy,snu_humanoid,mjlab_velocity_flat_unitree_g1,high,1000,flowwm_flowpolicy,Flow world model + Flow policy,pwm_5M_fullflow,8,default,15000,128,40,5,1000,flow-mbpo-formal-training,single_task_online_confirm_mjlab_proxy,"Single-task online RL from scratch on PACE-ICE. task=snu_humanoid, method=flowwm_flowpolicy, profile=default",alg.save_interval=500;++alg.wandb_log_every_epoch=true
confirm_mjlab_proxy_snu_humanoid_flowwm_flowpolicy_s9_default,confirm,mjlab_proxy,snu_humanoid,mjlab_velocity_flat_unitree_g1,high,1000,flowwm_flowpolicy,Flow world model + Flow policy,pwm_5M_fullflow,9,default,15000,128,40,5,1000,flow-mbpo-formal-training,single_task_online_confirm_mjlab_proxy,"Single-task online RL from scratch on PACE-ICE. task=snu_humanoid, method=flowwm_flowpolicy, profile=default",alg.save_interval=500;++alg.wandb_log_every_epoch=true
confirm_mjlab_leap_left_grasp_asymmetric_mlpwm_mlppolicy_s0_default,confirm,mjlab,leap_left_grasp_asymmetric,mjlab_leap_left_grasp_asymmetric,medium,500,mlpwm_mlppolicy,PWM baseline (MLP world model + MLP policy),pwm_5M_baseline_final,0,default,15000,128,40,5,500,flow-mbpo-formal-training,single_task_online_confirm_mjlab,"Single-task online RL from scratch on PACE-ICE. task=leap_left_grasp_asymmetric, method=mlpwm_mlppolicy, profile=default",alg.save_interval=500;++alg.wandb_log_every_epoch=true
confirm_mjlab_leap_left_grasp_asymmetric_mlpwm_mlppolicy_s1_default,confirm,mjlab,leap_left_grasp_asymmetric,mjlab_leap_left_grasp_asymmetric,medium,500,mlpwm_mlppolicy,PWM baseline (MLP world model + MLP policy),pwm_5M_baseline_final,1,default,15000,128,40,5,500,flow-mbpo-formal-training,single_task_online_confirm_mjlab,"Single-task online RL from scratch on PACE-ICE. task=leap_left_grasp_asymmetric, method=mlpwm_mlppolicy, profile=default",alg.save_interval=500;++alg.wandb_log_every_epoch=true
confirm_mjlab_leap_left_grasp_asymmetric_mlpwm_mlppolicy_s2_default,confirm,mjlab,leap_left_grasp_asymmetric,mjlab_leap_left_grasp_asymmetric,medium,500,mlpwm_mlppolicy,PWM baseline (MLP world model + MLP policy),pwm_5M_baseline_final,2,default,15000,128,40,5,500,flow-mbpo-formal-training,single_task_online_confirm_mjlab,"Single-task online RL from scratch on PACE-ICE. task=leap_left_grasp_asymmetric, method=mlpwm_mlppolicy, profile=default",alg.save_interval=500;++alg.wandb_log_every_epoch=true
confirm_mjlab_leap_left_grasp_asymmetric_mlpwm_mlppolicy_s3_default,confirm,mjlab,leap_left_grasp_asymmetric,mjlab_leap_left_grasp_asymmetric,medium,500,mlpwm_mlppolicy,PWM baseline (MLP world model + MLP policy),pwm_5M_baseline_final,3,default,15000,128,40,5,500,flow-mbpo-formal-training,single_task_online_confirm_mjlab,"Single-task online RL from scratch on PACE-ICE. task=leap_left_grasp_asymmetric, method=mlpwm_mlppolicy, profile=default",alg.save_interval=500;++alg.wandb_log_every_epoch=true
confirm_mjlab_leap_left_grasp_asymmetric_mlpwm_mlppolicy_s4_default,confirm,mjlab,leap_left_grasp_asymmetric,mjlab_leap_left_grasp_asymmetric,medium,500,mlpwm_mlppolicy,PWM baseline (MLP world model + MLP policy),pwm_5M_baseline_final,4,default,15000,128,40,5,500,flow-mbpo-formal-training,single_task_online_confirm_mjlab,"Single-task online RL from scratch on PACE-ICE. task=leap_left_grasp_asymmetric, method=mlpwm_mlppolicy, profile=default",alg.save_interval=500;++alg.wandb_log_every_epoch=true
confirm_mjlab_leap_left_grasp_asymmetric_mlpwm_mlppolicy_s5_default,confirm,mjlab,leap_left_grasp_asymmetric,mjlab_leap_left_grasp_asymmetric,medium,500,mlpwm_mlppolicy,PWM baseline (MLP world model + MLP policy),pwm_5M_baseline_final,5,default,15000,128,40,5,500,flow-mbpo-formal-training,single_task_online_confirm_mjlab,"Single-task online RL from scratch on PACE-ICE. task=leap_left_grasp_asymmetric, method=mlpwm_mlppolicy, profile=default",alg.save_interval=500;++alg.wandb_log_every_epoch=true
confirm_mjlab_leap_left_grasp_asymmetric_mlpwm_mlppolicy_s6_default,confirm,mjlab,leap_left_grasp_asymmetric,mjlab_leap_left_grasp_asymmetric,medium,500,mlpwm_mlppolicy,PWM baseline (MLP world model + MLP policy),pwm_5M_baseline_final,6,default,15000,128,40,5,500,flow-mbpo-formal-training,single_task_online_confirm_mjlab,"Single-task online RL from scratch on PACE-ICE. task=leap_left_grasp_asymmetric, method=mlpwm_mlppolicy, profile=default",alg.save_interval=500;++alg.wandb_log_every_epoch=true
confirm_mjlab_leap_left_grasp_asymmetric_mlpwm_mlppolicy_s7_default,confirm,mjlab,leap_left_grasp_asymmetric,mjlab_leap_left_grasp_asymmetric,medium,500,mlpwm_mlppolicy,PWM baseline (MLP world model + MLP policy),pwm_5M_baseline_final,7,default,15000,128,40,5,500,flow-mbpo-formal-training,single_task_online_confirm_mjlab,"Single-task online RL from scratch on PACE-ICE. task=leap_left_grasp_asymmetric, method=mlpwm_mlppolicy, profile=default",alg.save_interval=500;++alg.wandb_log_every_epoch=true
confirm_mjlab_leap_left_grasp_asymmetric_mlpwm_mlppolicy_s8_default,confirm,mjlab,leap_left_grasp_asymmetric,mjlab_leap_left_grasp_asymmetric,medium,500,mlpwm_mlppolicy,PWM baseline (MLP world model + MLP policy),pwm_5M_baseline_final,8,default,15000,128,40,5,500,flow-mbpo-formal-training,single_task_online_confirm_mjlab,"Single-task online RL from scratch on PACE-ICE. task=leap_left_grasp_asymmetric, method=mlpwm_mlppolicy, profile=default",alg.save_interval=500;++alg.wandb_log_every_epoch=true
confirm_mjlab_leap_left_grasp_asymmetric_mlpwm_mlppolicy_s9_default,confirm,mjlab,leap_left_grasp_asymmetric,mjlab_leap_left_grasp_asymmetric,medium,500,mlpwm_mlppolicy,PWM baseline (MLP world model + MLP policy),pwm_5M_baseline_final,9,default,15000,128,40,5,500,flow-mbpo-formal-training,single_task_online_confirm_mjlab,"Single-task online RL from scratch on PACE-ICE. task=leap_left_grasp_asymmetric, method=mlpwm_mlppolicy, profile=default",alg.save_interval=500;++alg.wandb_log_every_epoch=true
confirm_mjlab_leap_left_grasp_asymmetric_flowwm_mlppolicy_s0_default,confirm,mjlab,leap_left_grasp_asymmetric,mjlab_leap_left_grasp_asymmetric,medium,500,flowwm_mlppolicy,Flow world model + MLP policy,pwm_5M_flow_v2_substeps4,0,default,15000,128,40,5,500,flow-mbpo-formal-training,single_task_online_confirm_mjlab,"Single-task online RL from scratch on PACE-ICE. task=leap_left_grasp_asymmetric, method=flowwm_mlppolicy, profile=default",alg.save_interval=500;++alg.wandb_log_every_epoch=true
confirm_mjlab_leap_left_grasp_asymmetric_flowwm_mlppolicy_s1_default,confirm,mjlab,leap_left_grasp_asymmetric,mjlab_leap_left_grasp_asymmetric,medium,500,flowwm_mlppolicy,Flow world model + MLP policy,pwm_5M_flow_v2_substeps4,1,default,15000,128,40,5,500,flow-mbpo-formal-training,single_task_online_confirm_mjlab,"Single-task online RL from scratch on PACE-ICE. task=leap_left_grasp_asymmetric, method=flowwm_mlppolicy, profile=default",alg.save_interval=500;++alg.wandb_log_every_epoch=true
confirm_mjlab_leap_left_grasp_asymmetric_flowwm_mlppolicy_s2_default,confirm,mjlab,leap_left_grasp_asymmetric,mjlab_leap_left_grasp_asymmetric,medium,500,flowwm_mlppolicy,Flow world model + MLP policy,pwm_5M_flow_v2_substeps4,2,default,15000,128,40,5,500,flow-mbpo-formal-training,single_task_online_confirm_mjlab,"Single-task online RL from scratch on PACE-ICE. task=leap_left_grasp_asymmetric, method=flowwm_mlppolicy, profile=default",alg.save_interval=500;++alg.wandb_log_every_epoch=true
confirm_mjlab_leap_left_grasp_asymmetric_flowwm_mlppolicy_s3_default,confirm,mjlab,leap_left_grasp_asymmetric,mjlab_leap_left_grasp_asymmetric,medium,500,flowwm_mlppolicy,Flow world model + MLP policy,pwm_5M_flow_v2_substeps4,3,default,15000,128,40,5,500,flow-mbpo-formal-training,single_task_online_confirm_mjlab,"Single-task online RL from scratch on PACE-ICE. task=leap_left_grasp_asymmetric, method=flowwm_mlppolicy, profile=default",alg.save_interval=500;++alg.wandb_log_every_epoch=true
confirm_mjlab_leap_left_grasp_asymmetric_flowwm_mlppolicy_s4_default,confirm,mjlab,leap_left_grasp_asymmetric,mjlab_leap_left_grasp_asymmetric,medium,500,flowwm_mlppolicy,Flow world model + MLP policy,pwm_5M_flow_v2_substeps4,4,default,15000,128,40,5,500,flow-mbpo-formal-training,single_task_online_confirm_mjlab,"Single-task online RL from scratch on PACE-ICE. task=leap_left_grasp_asymmetric, method=flowwm_mlppolicy, profile=default",alg.save_interval=500;++alg.wandb_log_every_epoch=true
confirm_mjlab_leap_left_grasp_asymmetric_flowwm_mlppolicy_s5_default,confirm,mjlab,leap_left_grasp_asymmetric,mjlab_leap_left_grasp_asymmetric,medium,500,flowwm_mlppolicy,Flow world model + MLP policy,pwm_5M_flow_v2_substeps4,5,default,15000,128,40,5,500,flow-mbpo-formal-training,single_task_online_confirm_mjlab,"Single-task online RL from scratch on PACE-ICE. task=leap_left_grasp_asymmetric, method=flowwm_mlppolicy, profile=default",alg.save_interval=500;++alg.wandb_log_every_epoch=true
confirm_mjlab_leap_left_grasp_asymmetric_flowwm_mlppolicy_s6_default,confirm,mjlab,leap_left_grasp_asymmetric,mjlab_leap_left_grasp_asymmetric,medium,500,flowwm_mlppolicy,Flow world model + MLP policy,pwm_5M_flow_v2_substeps4,6,default,15000,128,40,5,500,flow-mbpo-formal-training,single_task_online_confirm_mjlab,"Single-task online RL from scratch on PACE-ICE. task=leap_left_grasp_asymmetric, method=flowwm_mlppolicy, profile=default",alg.save_interval=500;++alg.wandb_log_every_epoch=true
confirm_mjlab_leap_left_grasp_asymmetric_flowwm_mlppolicy_s7_default,confirm,mjlab,leap_left_grasp_asymmetric,mjlab_leap_left_grasp_asymmetric,medium,500,flowwm_mlppolicy,Flow world model + MLP policy,pwm_5M_flow_v2_substeps4,7,default,15000,128,40,5,500,flow-mbpo-formal-training,single_task_online_confirm_mjlab,"Single-task online RL from scratch on PACE-ICE. task=leap_left_grasp_asymmetric, method=flowwm_mlppolicy, profile=default",alg.save_interval=500;++alg.wandb_log_every_epoch=true
confirm_mjlab_leap_left_grasp_asymmetric_flowwm_mlppolicy_s8_default,confirm,mjlab,leap_left_grasp_asymmetric,mjlab_leap_left_grasp_asymmetric,medium,500,flowwm_mlppolicy,Flow world model + MLP policy,pwm_5M_flow_v2_substeps4,8,default,15000,128,40,5,500,flow-mbpo-formal-training,single_task_online_confirm_mjlab,"Single-task online RL from scratch on PACE-ICE. task=leap_left_grasp_asymmetric, method=flowwm_mlppolicy, profile=default",alg.save_interval=500;++alg.wandb_log_every_epoch=true
confirm_mjlab_leap_left_grasp_asymmetric_flowwm_mlppolicy_s9_default,confirm,mjlab,leap_left_grasp_asymmetric,mjlab_leap_left_grasp_asymmetric,medium,500,flowwm_mlppolicy,Flow world model + MLP policy,pwm_5M_flow_v2_substeps4,9,default,15000,128,40,5,500,flow-mbpo-formal-training,single_task_online_confirm_mjlab,"Single-task online RL from scratch on PACE-ICE. task=leap_left_grasp_asymmetric, method=flowwm_mlppolicy, profile=default",alg.save_interval=500;++alg.wandb_log_every_epoch=true
confirm_mjlab_leap_left_grasp_asymmetric_mlpwm_flowpolicy_s0_default,confirm,mjlab,leap_left_grasp_asymmetric,mjlab_leap_left_grasp_asymmetric,medium,500,mlpwm_flowpolicy,MLP world model + Flow policy,pwm_5M_flowpolicy,0,default,15000,128,40,5,500,flow-mbpo-formal-training,single_task_online_confirm_mjlab,"Single-task online RL from scratch on PACE-ICE. task=leap_left_grasp_asymmetric, method=mlpwm_flowpolicy, profile=default",alg.save_interval=500;++alg.wandb_log_every_epoch=true
confirm_mjlab_leap_left_grasp_asymmetric_mlpwm_flowpolicy_s1_default,confirm,mjlab,leap_left_grasp_asymmetric,mjlab_leap_left_grasp_asymmetric,medium,500,mlpwm_flowpolicy,MLP world model + Flow policy,pwm_5M_flowpolicy,1,default,15000,128,40,5,500,flow-mbpo-formal-training,single_task_online_confirm_mjlab,"Single-task online RL from scratch on PACE-ICE. task=leap_left_grasp_asymmetric, method=mlpwm_flowpolicy, profile=default",alg.save_interval=500;++alg.wandb_log_every_epoch=true
confirm_mjlab_leap_left_grasp_asymmetric_mlpwm_flowpolicy_s2_default,confirm,mjlab,leap_left_grasp_asymmetric,mjlab_leap_left_grasp_asymmetric,medium,500,mlpwm_flowpolicy,MLP world model + Flow policy,pwm_5M_flowpolicy,2,default,15000,128,40,5,500,flow-mbpo-formal-training,single_task_online_confirm_mjlab,"Single-task online RL from scratch on PACE-ICE. task=leap_left_grasp_asymmetric, method=mlpwm_flowpolicy, profile=default",alg.save_interval=500;++alg.wandb_log_every_epoch=true
confirm_mjlab_leap_left_grasp_asymmetric_mlpwm_flowpolicy_s3_default,confirm,mjlab,leap_left_grasp_asymmetric,mjlab_leap_left_grasp_asymmetric,medium,500,mlpwm_flowpolicy,MLP world model + Flow policy,pwm_5M_flowpolicy,3,default,15000,128,40,5,500,flow-mbpo-formal-training,single_task_online_confirm_mjlab,"Single-task online RL from scratch on PACE-ICE. task=leap_left_grasp_asymmetric, method=mlpwm_flowpolicy, profile=default",alg.save_interval=500;++alg.wandb_log_every_epoch=true
confirm_mjlab_leap_left_grasp_asymmetric_mlpwm_flowpolicy_s4_default,confirm,mjlab,leap_left_grasp_asymmetric,mjlab_leap_left_grasp_asymmetric,medium,500,mlpwm_flowpolicy,MLP world model + Flow policy,pwm_5M_flowpolicy,4,default,15000,128,40,5,500,flow-mbpo-formal-training,single_task_online_confirm_mjlab,"Single-task online RL from scratch on PACE-ICE. task=leap_left_grasp_asymmetric, method=mlpwm_flowpolicy, profile=default",alg.save_interval=500;++alg.wandb_log_every_epoch=true
confirm_mjlab_leap_left_grasp_asymmetric_mlpwm_flowpolicy_s5_default,confirm,mjlab,leap_left_grasp_asymmetric,mjlab_leap_left_grasp_asymmetric,medium,500,mlpwm_flowpolicy,MLP world model + Flow policy,pwm_5M_flowpolicy,5,default,15000,128,40,5,500,flow-mbpo-formal-training,single_task_online_confirm_mjlab,"Single-task online RL from scratch on PACE-ICE. task=leap_left_grasp_asymmetric, method=mlpwm_flowpolicy, profile=default",alg.save_interval=500;++alg.wandb_log_every_epoch=true
confirm_mjlab_leap_left_grasp_asymmetric_mlpwm_flowpolicy_s6_default,confirm,mjlab,leap_left_grasp_asymmetric,mjlab_leap_left_grasp_asymmetric,medium,500,mlpwm_flowpolicy,MLP world model + Flow policy,pwm_5M_flowpolicy,6,default,15000,128,40,5,500,flow-mbpo-formal-training,single_task_online_confirm_mjlab,"Single-task online RL from scratch on PACE-ICE. task=leap_left_grasp_asymmetric, method=mlpwm_flowpolicy, profile=default",alg.save_interval=500;++alg.wandb_log_every_epoch=true
confirm_mjlab_leap_left_grasp_asymmetric_mlpwm_flowpolicy_s7_default,confirm,mjlab,leap_left_grasp_asymmetric,mjlab_leap_left_grasp_asymmetric,medium,500,mlpwm_flowpolicy,MLP world model + Flow policy,pwm_5M_flowpolicy,7,default,15000,128,40,5,500,flow-mbpo-formal-training,single_task_online_confirm_mjlab,"Single-task online RL from scratch on PACE-ICE. task=leap_left_grasp_asymmetric, method=mlpwm_flowpolicy, profile=default",alg.save_interval=500;++alg.wandb_log_every_epoch=true
confirm_mjlab_leap_left_grasp_asymmetric_mlpwm_flowpolicy_s8_default,confirm,mjlab,leap_left_grasp_asymmetric,mjlab_leap_left_grasp_asymmetric,medium,500,mlpwm_flowpolicy,MLP world model + Flow policy,pwm_5M_flowpolicy,8,default,15000,128,40,5,500,flow-mbpo-formal-training,single_task_online_confirm_mjlab,"Single-task online RL from scratch on PACE-ICE. task=leap_left_grasp_asymmetric, method=mlpwm_flowpolicy, profile=default",alg.save_interval=500;++alg.wandb_log_every_epoch=true
confirm_mjlab_leap_left_grasp_asymmetric_mlpwm_flowpolicy_s9_default,confirm,mjlab,leap_left_grasp_asymmetric,mjlab_leap_left_grasp_asymmetric,medium,500,mlpwm_flowpolicy,MLP world model + Flow policy,pwm_5M_flowpolicy,9,default,15000,128,40,5,500,flow-mbpo-formal-training,single_task_online_confirm_mjlab,"Single-task online RL from scratch on PACE-ICE. task=leap_left_grasp_asymmetric, method=mlpwm_flowpolicy, profile=default",alg.save_interval=500;++alg.wandb_log_every_epoch=true
confirm_mjlab_leap_left_grasp_asymmetric_flowwm_flowpolicy_s0_default,confirm,mjlab,leap_left_grasp_asymmetric,mjlab_leap_left_grasp_asymmetric,medium,500,flowwm_flowpolicy,Flow world model + Flow policy,pwm_5M_fullflow,0,default,15000,128,40,5,500,flow-mbpo-formal-training,single_task_online_confirm_mjlab,"Single-task online RL from scratch on PACE-ICE. task=leap_left_grasp_asymmetric, method=flowwm_flowpolicy, profile=default",alg.save_interval=500;++alg.wandb_log_every_epoch=true
confirm_mjlab_leap_left_grasp_asymmetric_flowwm_flowpolicy_s1_default,confirm,mjlab,leap_left_grasp_asymmetric,mjlab_leap_left_grasp_asymmetric,medium,500,flowwm_flowpolicy,Flow world model + Flow policy,pwm_5M_fullflow,1,default,15000,128,40,5,500,flow-mbpo-formal-training,single_task_online_confirm_mjlab,"Single-task online RL from scratch on PACE-ICE. task=leap_left_grasp_asymmetric, method=flowwm_flowpolicy, profile=default",alg.save_interval=500;++alg.wandb_log_every_epoch=true
confirm_mjlab_leap_left_grasp_asymmetric_flowwm_flowpolicy_s2_default,confirm,mjlab,leap_left_grasp_asymmetric,mjlab_leap_left_grasp_asymmetric,medium,500,flowwm_flowpolicy,Flow world model + Flow policy,pwm_5M_fullflow,2,default,15000,128,40,5,500,flow-mbpo-formal-training,single_task_online_confirm_mjlab,"Single-task online RL from scratch on PACE-ICE. task=leap_left_grasp_asymmetric, method=flowwm_flowpolicy, profile=default",alg.save_interval=500;++alg.wandb_log_every_epoch=true
confirm_mjlab_leap_left_grasp_asymmetric_flowwm_flowpolicy_s3_default,confirm,mjlab,leap_left_grasp_asymmetric,mjlab_leap_left_grasp_asymmetric,medium,500,flowwm_flowpolicy,Flow world model + Flow policy,pwm_5M_fullflow,3,default,15000,128,40,5,500,flow-mbpo-formal-training,single_task_online_confirm_mjlab,"Single-task online RL from scratch on PACE-ICE. task=leap_left_grasp_asymmetric, method=flowwm_flowpolicy, profile=default",alg.save_interval=500;++alg.wandb_log_every_epoch=true
confirm_mjlab_leap_left_grasp_asymmetric_flowwm_flowpolicy_s4_default,confirm,mjlab,leap_left_grasp_asymmetric,mjlab_leap_left_grasp_asymmetric,medium,500,flowwm_flowpolicy,Flow world model + Flow policy,pwm_5M_fullflow,4,default,15000,128,40,5,500,flow-mbpo-formal-training,single_task_online_confirm_mjlab,"Single-task online RL from scratch on PACE-ICE. task=leap_left_grasp_asymmetric, method=flowwm_flowpolicy, profile=default",alg.save_interval=500;++alg.wandb_log_every_epoch=true
confirm_mjlab_leap_left_grasp_asymmetric_flowwm_flowpolicy_s5_default,confirm,mjlab,leap_left_grasp_asymmetric,mjlab_leap_left_grasp_asymmetric,medium,500,flowwm_flowpolicy,Flow world model + Flow policy,pwm_5M_fullflow,5,default,15000,128,40,5,500,flow-mbpo-formal-training,single_task_online_confirm_mjlab,"Single-task online RL from scratch on PACE-ICE. task=leap_left_grasp_asymmetric, method=flowwm_flowpolicy, profile=default",alg.save_interval=500;++alg.wandb_log_every_epoch=true
confirm_mjlab_leap_left_grasp_asymmetric_flowwm_flowpolicy_s6_default,confirm,mjlab,leap_left_grasp_asymmetric,mjlab_leap_left_grasp_asymmetric,medium,500,flowwm_flowpolicy,Flow world model + Flow policy,pwm_5M_fullflow,6,default,15000,128,40,5,500,flow-mbpo-formal-training,single_task_online_confirm_mjlab,"Single-task online RL from scratch on PACE-ICE. task=leap_left_grasp_asymmetric, method=flowwm_flowpolicy, profile=default",alg.save_interval=500;++alg.wandb_log_every_epoch=true
confirm_mjlab_leap_left_grasp_asymmetric_flowwm_flowpolicy_s7_default,confirm,mjlab,leap_left_grasp_asymmetric,mjlab_leap_left_grasp_asymmetric,medium,500,flowwm_flowpolicy,Flow world model + Flow policy,pwm_5M_fullflow,7,default,15000,128,40,5,500,flow-mbpo-formal-training,single_task_online_confirm_mjlab,"Single-task online RL from scratch on PACE-ICE. task=leap_left_grasp_asymmetric, method=flowwm_flowpolicy, profile=default",alg.save_interval=500;++alg.wandb_log_every_epoch=true
confirm_mjlab_leap_left_grasp_asymmetric_flowwm_flowpolicy_s8_default,confirm,mjlab,leap_left_grasp_asymmetric,mjlab_leap_left_grasp_asymmetric,medium,500,flowwm_flowpolicy,Flow world model + Flow policy,pwm_5M_fullflow,8,default,15000,128,40,5,500,flow-mbpo-formal-training,single_task_online_confirm_mjlab,"Single-task online RL from scratch on PACE-ICE. task=leap_left_grasp_asymmetric, method=flowwm_flowpolicy, profile=default",alg.save_interval=500;++alg.wandb_log_every_epoch=true
confirm_mjlab_leap_left_grasp_asymmetric_flowwm_flowpolicy_s9_default,confirm,mjlab,leap_left_grasp_asymmetric,mjlab_leap_left_grasp_asymmetric,medium,500,flowwm_flowpolicy,Flow world model + Flow policy,pwm_5M_fullflow,9,default,15000,128,40,5,500,flow-mbpo-formal-training,single_task_online_confirm_mjlab,"Single-task online RL from scratch on PACE-ICE. task=leap_left_grasp_asymmetric, method=flowwm_flowpolicy, profile=default",alg.save_interval=500;++alg.wandb_log_every_epoch=true
confirm_mjlab_tracking_rough_unitree_g1_mlpwm_mlppolicy_s0_default,confirm,mjlab,tracking_rough_unitree_g1,mjlab_tracking_rough_unitree_g1,medium_high,1000,mlpwm_mlppolicy,PWM baseline (MLP world model + MLP policy),pwm_5M_baseline_final,0,default,15000,96,40,5,1000,flow-mbpo-formal-training,single_task_online_confirm_mjlab,"Single-task online RL from scratch on PACE-ICE. task=tracking_rough_unitree_g1, method=mlpwm_mlppolicy, profile=default",alg.save_interval=500;++alg.wandb_log_every_epoch=true;alg.horizon=1
confirm_mjlab_tracking_rough_unitree_g1_mlpwm_mlppolicy_s1_default,confirm,mjlab,tracking_rough_unitree_g1,mjlab_tracking_rough_unitree_g1,medium_high,1000,mlpwm_mlppolicy,PWM baseline (MLP world model + MLP policy),pwm_5M_baseline_final,1,default,15000,96,40,5,1000,flow-mbpo-formal-training,single_task_online_confirm_mjlab,"Single-task online RL from scratch on PACE-ICE. task=tracking_rough_unitree_g1, method=mlpwm_mlppolicy, profile=default",alg.save_interval=500;++alg.wandb_log_every_epoch=true;alg.horizon=1
confirm_mjlab_tracking_rough_unitree_g1_mlpwm_mlppolicy_s2_default,confirm,mjlab,tracking_rough_unitree_g1,mjlab_tracking_rough_unitree_g1,medium_high,1000,mlpwm_mlppolicy,PWM baseline (MLP world model + MLP policy),pwm_5M_baseline_final,2,default,15000,96,40,5,1000,flow-mbpo-formal-training,single_task_online_confirm_mjlab,"Single-task online RL from scratch on PACE-ICE. task=tracking_rough_unitree_g1, method=mlpwm_mlppolicy, profile=default",alg.save_interval=500;++alg.wandb_log_every_epoch=true;alg.horizon=1
confirm_mjlab_tracking_rough_unitree_g1_mlpwm_mlppolicy_s3_default,confirm,mjlab,tracking_rough_unitree_g1,mjlab_tracking_rough_unitree_g1,medium_high,1000,mlpwm_mlppolicy,PWM baseline (MLP world model + MLP policy),pwm_5M_baseline_final,3,default,15000,96,40,5,1000,flow-mbpo-formal-training,single_task_online_confirm_mjlab,"Single-task online RL from scratch on PACE-ICE. task=tracking_rough_unitree_g1, method=mlpwm_mlppolicy, profile=default",alg.save_interval=500;++alg.wandb_log_every_epoch=true;alg.horizon=1
confirm_mjlab_tracking_rough_unitree_g1_mlpwm_mlppolicy_s4_default,confirm,mjlab,tracking_rough_unitree_g1,mjlab_tracking_rough_unitree_g1,medium_high,1000,mlpwm_mlppolicy,PWM baseline (MLP world model + MLP policy),pwm_5M_baseline_final,4,default,15000,96,40,5,1000,flow-mbpo-formal-training,single_task_online_confirm_mjlab,"Single-task online RL from scratch on PACE-ICE. task=tracking_rough_unitree_g1, method=mlpwm_mlppolicy, profile=default",alg.save_interval=500;++alg.wandb_log_every_epoch=true;alg.horizon=1
confirm_mjlab_tracking_rough_unitree_g1_mlpwm_mlppolicy_s5_default,confirm,mjlab,tracking_rough_unitree_g1,mjlab_tracking_rough_unitree_g1,medium_high,1000,mlpwm_mlppolicy,PWM baseline (MLP world model + MLP policy),pwm_5M_baseline_final,5,default,15000,96,40,5,1000,flow-mbpo-formal-training,single_task_online_confirm_mjlab,"Single-task online RL from scratch on PACE-ICE. task=tracking_rough_unitree_g1, method=mlpwm_mlppolicy, profile=default",alg.save_interval=500;++alg.wandb_log_every_epoch=true;alg.horizon=1
confirm_mjlab_tracking_rough_unitree_g1_mlpwm_mlppolicy_s6_default,confirm,mjlab,tracking_rough_unitree_g1,mjlab_tracking_rough_unitree_g1,medium_high,1000,mlpwm_mlppolicy,PWM baseline (MLP world model + MLP policy),pwm_5M_baseline_final,6,default,15000,96,40,5,1000,flow-mbpo-formal-training,single_task_online_confirm_mjlab,"Single-task online RL from scratch on PACE-ICE. task=tracking_rough_unitree_g1, method=mlpwm_mlppolicy, profile=default",alg.save_interval=500;++alg.wandb_log_every_epoch=true;alg.horizon=1
confirm_mjlab_tracking_rough_unitree_g1_mlpwm_mlppolicy_s7_default,confirm,mjlab,tracking_rough_unitree_g1,mjlab_tracking_rough_unitree_g1,medium_high,1000,mlpwm_mlppolicy,PWM baseline (MLP world model + MLP policy),pwm_5M_baseline_final,7,default,15000,96,40,5,1000,flow-mbpo-formal-training,single_task_online_confirm_mjlab,"Single-task online RL from scratch on PACE-ICE. task=tracking_rough_unitree_g1, method=mlpwm_mlppolicy, profile=default",alg.save_interval=500;++alg.wandb_log_every_epoch=true;alg.horizon=1
confirm_mjlab_tracking_rough_unitree_g1_mlpwm_mlppolicy_s8_default,confirm,mjlab,tracking_rough_unitree_g1,mjlab_tracking_rough_unitree_g1,medium_high,1000,mlpwm_mlppolicy,PWM baseline (MLP world model + MLP policy),pwm_5M_baseline_final,8,default,15000,96,40,5,1000,flow-mbpo-formal-training,single_task_online_confirm_mjlab,"Single-task online RL from scratch on PACE-ICE. task=tracking_rough_unitree_g1, method=mlpwm_mlppolicy, profile=default",alg.save_interval=500;++alg.wandb_log_every_epoch=true;alg.horizon=1
confirm_mjlab_tracking_rough_unitree_g1_mlpwm_mlppolicy_s9_default,confirm,mjlab,tracking_rough_unitree_g1,mjlab_tracking_rough_unitree_g1,medium_high,1000,mlpwm_mlppolicy,PWM baseline (MLP world model + MLP policy),pwm_5M_baseline_final,9,default,15000,96,40,5,1000,flow-mbpo-formal-training,single_task_online_confirm_mjlab,"Single-task online RL from scratch on PACE-ICE. task=tracking_rough_unitree_g1, method=mlpwm_mlppolicy, profile=default",alg.save_interval=500;++alg.wandb_log_every_epoch=true;alg.horizon=1
confirm_mjlab_tracking_rough_unitree_g1_flowwm_mlppolicy_s0_default,confirm,mjlab,tracking_rough_unitree_g1,mjlab_tracking_rough_unitree_g1,medium_high,1000,flowwm_mlppolicy,Flow world model + MLP policy,pwm_5M_flow_v2_substeps4,0,default,15000,96,40,5,1000,flow-mbpo-formal-training,single_task_online_confirm_mjlab,"Single-task online RL from scratch on PACE-ICE. task=tracking_rough_unitree_g1, method=flowwm_mlppolicy, profile=default",alg.save_interval=500;++alg.wandb_log_every_epoch=true;alg.horizon=1
confirm_mjlab_tracking_rough_unitree_g1_flowwm_mlppolicy_s1_default,confirm,mjlab,tracking_rough_unitree_g1,mjlab_tracking_rough_unitree_g1,medium_high,1000,flowwm_mlppolicy,Flow world model + MLP policy,pwm_5M_flow_v2_substeps4,1,default,15000,96,40,5,1000,flow-mbpo-formal-training,single_task_online_confirm_mjlab,"Single-task online RL from scratch on PACE-ICE. task=tracking_rough_unitree_g1, method=flowwm_mlppolicy, profile=default",alg.save_interval=500;++alg.wandb_log_every_epoch=true;alg.horizon=1
confirm_mjlab_tracking_rough_unitree_g1_flowwm_mlppolicy_s2_default,confirm,mjlab,tracking_rough_unitree_g1,mjlab_tracking_rough_unitree_g1,medium_high,1000,flowwm_mlppolicy,Flow world model + MLP policy,pwm_5M_flow_v2_substeps4,2,default,15000,96,40,5,1000,flow-mbpo-formal-training,single_task_online_confirm_mjlab,"Single-task online RL from scratch on PACE-ICE. task=tracking_rough_unitree_g1, method=flowwm_mlppolicy, profile=default",alg.save_interval=500;++alg.wandb_log_every_epoch=true;alg.horizon=1
confirm_mjlab_tracking_rough_unitree_g1_flowwm_mlppolicy_s3_default,confirm,mjlab,tracking_rough_unitree_g1,mjlab_tracking_rough_unitree_g1,medium_high,1000,flowwm_mlppolicy,Flow world model + MLP policy,pwm_5M_flow_v2_substeps4,3,default,15000,96,40,5,1000,flow-mbpo-formal-training,single_task_online_confirm_mjlab,"Single-task online RL from scratch on PACE-ICE. task=tracking_rough_unitree_g1, method=flowwm_mlppolicy, profile=default",alg.save_interval=500;++alg.wandb_log_every_epoch=true;alg.horizon=1
confirm_mjlab_tracking_rough_unitree_g1_flowwm_mlppolicy_s4_default,confirm,mjlab,tracking_rough_unitree_g1,mjlab_tracking_rough_unitree_g1,medium_high,1000,flowwm_mlppolicy,Flow world model + MLP policy,pwm_5M_flow_v2_substeps4,4,default,15000,96,40,5,1000,flow-mbpo-formal-training,single_task_online_confirm_mjlab,"Single-task online RL from scratch on PACE-ICE. task=tracking_rough_unitree_g1, method=flowwm_mlppolicy, profile=default",alg.save_interval=500;++alg.wandb_log_every_epoch=true;alg.horizon=1
confirm_mjlab_tracking_rough_unitree_g1_flowwm_mlppolicy_s5_default,confirm,mjlab,tracking_rough_unitree_g1,mjlab_tracking_rough_unitree_g1,medium_high,1000,flowwm_mlppolicy,Flow world model + MLP policy,pwm_5M_flow_v2_substeps4,5,default,15000,96,40,5,1000,flow-mbpo-formal-training,single_task_online_confirm_mjlab,"Single-task online RL from scratch on PACE-ICE. task=tracking_rough_unitree_g1, method=flowwm_mlppolicy, profile=default",alg.save_interval=500;++alg.wandb_log_every_epoch=true;alg.horizon=1
confirm_mjlab_tracking_rough_unitree_g1_flowwm_mlppolicy_s6_default,confirm,mjlab,tracking_rough_unitree_g1,mjlab_tracking_rough_unitree_g1,medium_high,1000,flowwm_mlppolicy,Flow world model + MLP policy,pwm_5M_flow_v2_substeps4,6,default,15000,96,40,5,1000,flow-mbpo-formal-training,single_task_online_confirm_mjlab,"Single-task online RL from scratch on PACE-ICE. task=tracking_rough_unitree_g1, method=flowwm_mlppolicy, profile=default",alg.save_interval=500;++alg.wandb_log_every_epoch=true;alg.horizon=1
confirm_mjlab_tracking_rough_unitree_g1_flowwm_mlppolicy_s7_default,confirm,mjlab,tracking_rough_unitree_g1,mjlab_tracking_rough_unitree_g1,medium_high,1000,flowwm_mlppolicy,Flow world model + MLP policy,pwm_5M_flow_v2_substeps4,7,default,15000,96,40,5,1000,flow-mbpo-formal-training,single_task_online_confirm_mjlab,"Single-task online RL from scratch on PACE-ICE. task=tracking_rough_unitree_g1, method=flowwm_mlppolicy, profile=default",alg.save_interval=500;++alg.wandb_log_every_epoch=true;alg.horizon=1
confirm_mjlab_tracking_rough_unitree_g1_flowwm_mlppolicy_s8_default,confirm,mjlab,tracking_rough_unitree_g1,mjlab_tracking_rough_unitree_g1,medium_high,1000,flowwm_mlppolicy,Flow world model + MLP policy,pwm_5M_flow_v2_substeps4,8,default,15000,96,40,5,1000,flow-mbpo-formal-training,single_task_online_confirm_mjlab,"Single-task online RL from scratch on PACE-ICE. task=tracking_rough_unitree_g1, method=flowwm_mlppolicy, profile=default",alg.save_interval=500;++alg.wandb_log_every_epoch=true;alg.horizon=1
confirm_mjlab_tracking_rough_unitree_g1_flowwm_mlppolicy_s9_default,confirm,mjlab,tracking_rough_unitree_g1,mjlab_tracking_rough_unitree_g1,medium_high,1000,flowwm_mlppolicy,Flow world model + MLP policy,pwm_5M_flow_v2_substeps4,9,default,15000,96,40,5,1000,flow-mbpo-formal-training,single_task_online_confirm_mjlab,"Single-task online RL from scratch on PACE-ICE. task=tracking_rough_unitree_g1, method=flowwm_mlppolicy, profile=default",alg.save_interval=500;++alg.wandb_log_every_epoch=true;alg.horizon=1
confirm_mjlab_tracking_rough_unitree_g1_mlpwm_flowpolicy_s0_default,confirm,mjlab,tracking_rough_unitree_g1,mjlab_tracking_rough_unitree_g1,medium_high,1000,mlpwm_flowpolicy,MLP world model + Flow policy,pwm_5M_flowpolicy,0,default,15000,96,40,5,1000,flow-mbpo-formal-training,single_task_online_confirm_mjlab,"Single-task online RL from scratch on PACE-ICE. task=tracking_rough_unitree_g1, method=mlpwm_flowpolicy, profile=default",alg.save_interval=500;++alg.wandb_log_every_epoch=true;alg.horizon=1
confirm_mjlab_tracking_rough_unitree_g1_mlpwm_flowpolicy_s1_default,confirm,mjlab,tracking_rough_unitree_g1,mjlab_tracking_rough_unitree_g1,medium_high,1000,mlpwm_flowpolicy,MLP world model + Flow policy,pwm_5M_flowpolicy,1,default,15000,96,40,5,1000,flow-mbpo-formal-training,single_task_online_confirm_mjlab,"Single-task online RL from scratch on PACE-ICE. task=tracking_rough_unitree_g1, method=mlpwm_flowpolicy, profile=default",alg.save_interval=500;++alg.wandb_log_every_epoch=true;alg.horizon=1
confirm_mjlab_tracking_rough_unitree_g1_mlpwm_flowpolicy_s2_default,confirm,mjlab,tracking_rough_unitree_g1,mjlab_tracking_rough_unitree_g1,medium_high,1000,mlpwm_flowpolicy,MLP world model + Flow policy,pwm_5M_flowpolicy,2,default,15000,96,40,5,1000,flow-mbpo-formal-training,single_task_online_confirm_mjlab,"Single-task online RL from scratch on PACE-ICE. task=tracking_rough_unitree_g1, method=mlpwm_flowpolicy, profile=default",alg.save_interval=500;++alg.wandb_log_every_epoch=true;alg.horizon=1
confirm_mjlab_tracking_rough_unitree_g1_mlpwm_flowpolicy_s3_default,confirm,mjlab,tracking_rough_unitree_g1,mjlab_tracking_rough_unitree_g1,medium_high,1000,mlpwm_flowpolicy,MLP world model + Flow policy,pwm_5M_flowpolicy,3,default,15000,96,40,5,1000,flow-mbpo-formal-training,single_task_online_confirm_mjlab,"Single-task online RL from scratch on PACE-ICE. task=tracking_rough_unitree_g1, method=mlpwm_flowpolicy, profile=default",alg.save_interval=500;++alg.wandb_log_every_epoch=true;alg.horizon=1
confirm_mjlab_tracking_rough_unitree_g1_mlpwm_flowpolicy_s4_default,confirm,mjlab,tracking_rough_unitree_g1,mjlab_tracking_rough_unitree_g1,medium_high,1000,mlpwm_flowpolicy,MLP world model + Flow policy,pwm_5M_flowpolicy,4,default,15000,96,40,5,1000,flow-mbpo-formal-training,single_task_online_confirm_mjlab,"Single-task online RL from scratch on PACE-ICE. task=tracking_rough_unitree_g1, method=mlpwm_flowpolicy, profile=default",alg.save_interval=500;++alg.wandb_log_every_epoch=true;alg.horizon=1
confirm_mjlab_tracking_rough_unitree_g1_mlpwm_flowpolicy_s5_default,confirm,mjlab,tracking_rough_unitree_g1,mjlab_tracking_rough_unitree_g1,medium_high,1000,mlpwm_flowpolicy,MLP world model + Flow policy,pwm_5M_flowpolicy,5,default,15000,96,40,5,1000,flow-mbpo-formal-training,single_task_online_confirm_mjlab,"Single-task online RL from scratch on PACE-ICE. task=tracking_rough_unitree_g1, method=mlpwm_flowpolicy, profile=default",alg.save_interval=500;++alg.wandb_log_every_epoch=true;alg.horizon=1
confirm_mjlab_tracking_rough_unitree_g1_mlpwm_flowpolicy_s6_default,confirm,mjlab,tracking_rough_unitree_g1,mjlab_tracking_rough_unitree_g1,medium_high,1000,mlpwm_flowpolicy,MLP world model + Flow policy,pwm_5M_flowpolicy,6,default,15000,96,40,5,1000,flow-mbpo-formal-training,single_task_online_confirm_mjlab,"Single-task online RL from scratch on PACE-ICE. task=tracking_rough_unitree_g1, method=mlpwm_flowpolicy, profile=default",alg.save_interval=500;++alg.wandb_log_every_epoch=true;alg.horizon=1
confirm_mjlab_tracking_rough_unitree_g1_mlpwm_flowpolicy_s7_default,confirm,mjlab,tracking_rough_unitree_g1,mjlab_tracking_rough_unitree_g1,medium_high,1000,mlpwm_flowpolicy,MLP world model + Flow policy,pwm_5M_flowpolicy,7,default,15000,96,40,5,1000,flow-mbpo-formal-training,single_task_online_confirm_mjlab,"Single-task online RL from scratch on PACE-ICE. task=tracking_rough_unitree_g1, method=mlpwm_flowpolicy, profile=default",alg.save_interval=500;++alg.wandb_log_every_epoch=true;alg.horizon=1
confirm_mjlab_tracking_rough_unitree_g1_mlpwm_flowpolicy_s8_default,confirm,mjlab,tracking_rough_unitree_g1,mjlab_tracking_rough_unitree_g1,medium_high,1000,mlpwm_flowpolicy,MLP world model + Flow policy,pwm_5M_flowpolicy,8,default,15000,96,40,5,1000,flow-mbpo-formal-training,single_task_online_confirm_mjlab,"Single-task online RL from scratch on PACE-ICE. task=tracking_rough_unitree_g1, method=mlpwm_flowpolicy, profile=default",alg.save_interval=500;++alg.wandb_log_every_epoch=true;alg.horizon=1
confirm_mjlab_tracking_rough_unitree_g1_mlpwm_flowpolicy_s9_default,confirm,mjlab,tracking_rough_unitree_g1,mjlab_tracking_rough_unitree_g1,medium_high,1000,mlpwm_flowpolicy,MLP world model + Flow policy,pwm_5M_flowpolicy,9,default,15000,96,40,5,1000,flow-mbpo-formal-training,single_task_online_confirm_mjlab,"Single-task online RL from scratch on PACE-ICE. task=tracking_rough_unitree_g1, method=mlpwm_flowpolicy, profile=default",alg.save_interval=500;++alg.wandb_log_every_epoch=true;alg.horizon=1
confirm_mjlab_tracking_rough_unitree_g1_flowwm_flowpolicy_s0_default,confirm,mjlab,tracking_rough_unitree_g1,mjlab_tracking_rough_unitree_g1,medium_high,1000,flowwm_flowpolicy,Flow world model + Flow policy,pwm_5M_fullflow,0,default,15000,96,40,5,1000,flow-mbpo-formal-training,single_task_online_confirm_mjlab,"Single-task online RL from scratch on PACE-ICE. task=tracking_rough_unitree_g1, method=flowwm_flowpolicy, profile=default",alg.save_interval=500;++alg.wandb_log_every_epoch=true;alg.horizon=1
confirm_mjlab_tracking_rough_unitree_g1_flowwm_flowpolicy_s1_default,confirm,mjlab,tracking_rough_unitree_g1,mjlab_tracking_rough_unitree_g1,medium_high,1000,flowwm_flowpolicy,Flow world model + Flow policy,pwm_5M_fullflow,1,default,15000,96,40,5,1000,flow-mbpo-formal-training,single_task_online_confirm_mjlab,"Single-task online RL from scratch on PACE-ICE. task=tracking_rough_unitree_g1, method=flowwm_flowpolicy, profile=default",alg.save_interval=500;++alg.wandb_log_every_epoch=true;alg.horizon=1
confirm_mjlab_tracking_rough_unitree_g1_flowwm_flowpolicy_s2_default,confirm,mjlab,tracking_rough_unitree_g1,mjlab_tracking_rough_unitree_g1,medium_high,1000,flowwm_flowpolicy,Flow world model + Flow policy,pwm_5M_fullflow,2,default,15000,96,40,5,1000,flow-mbpo-formal-training,single_task_online_confirm_mjlab,"Single-task online RL from scratch on PACE-ICE. task=tracking_rough_unitree_g1, method=flowwm_flowpolicy, profile=default",alg.save_interval=500;++alg.wandb_log_every_epoch=true;alg.horizon=1
confirm_mjlab_tracking_rough_unitree_g1_flowwm_flowpolicy_s3_default,confirm,mjlab,tracking_rough_unitree_g1,mjlab_tracking_rough_unitree_g1,medium_high,1000,flowwm_flowpolicy,Flow world model + Flow policy,pwm_5M_fullflow,3,default,15000,96,40,5,1000,flow-mbpo-formal-training,single_task_online_confirm_mjlab,"Single-task online RL from scratch on PACE-ICE. task=tracking_rough_unitree_g1, method=flowwm_flowpolicy, profile=default",alg.save_interval=500;++alg.wandb_log_every_epoch=true;alg.horizon=1
confirm_mjlab_tracking_rough_unitree_g1_flowwm_flowpolicy_s4_default,confirm,mjlab,tracking_rough_unitree_g1,mjlab_tracking_rough_unitree_g1,medium_high,1000,flowwm_flowpolicy,Flow world model + Flow policy,pwm_5M_fullflow,4,default,15000,96,40,5,1000,flow-mbpo-formal-training,single_task_online_confirm_mjlab,"Single-task online RL from scratch on PACE-ICE. task=tracking_rough_unitree_g1, method=flowwm_flowpolicy, profile=default",alg.save_interval=500;++alg.wandb_log_every_epoch=true;alg.horizon=1
confirm_mjlab_tracking_rough_unitree_g1_flowwm_flowpolicy_s5_default,confirm,mjlab,tracking_rough_unitree_g1,mjlab_tracking_rough_unitree_g1,medium_high,1000,flowwm_flowpolicy,Flow world model + Flow policy,pwm_5M_fullflow,5,default,15000,96,40,5,1000,flow-mbpo-formal-training,single_task_online_confirm_mjlab,"Single-task online RL from scratch on PACE-ICE. task=tracking_rough_unitree_g1, method=flowwm_flowpolicy, profile=default",alg.save_interval=500;++alg.wandb_log_every_epoch=true;alg.horizon=1
confirm_mjlab_tracking_rough_unitree_g1_flowwm_flowpolicy_s6_default,confirm,mjlab,tracking_rough_unitree_g1,mjlab_tracking_rough_unitree_g1,medium_high,1000,flowwm_flowpolicy,Flow world model + Flow policy,pwm_5M_fullflow,6,default,15000,96,40,5,1000,flow-mbpo-formal-training,single_task_online_confirm_mjlab,"Single-task online RL from scratch on PACE-ICE. task=tracking_rough_unitree_g1, method=flowwm_flowpolicy, profile=default",alg.save_interval=500;++alg.wandb_log_every_epoch=true;alg.horizon=1
confirm_mjlab_tracking_rough_unitree_g1_flowwm_flowpolicy_s7_default,confirm,mjlab,tracking_rough_unitree_g1,mjlab_tracking_rough_unitree_g1,medium_high,1000,flowwm_flowpolicy,Flow world model + Flow policy,pwm_5M_fullflow,7,default,15000,96,40,5,1000,flow-mbpo-formal-training,single_task_online_confirm_mjlab,"Single-task online RL from scratch on PACE-ICE. task=tracking_rough_unitree_g1, method=flowwm_flowpolicy, profile=default",alg.save_interval=500;++alg.wandb_log_every_epoch=true;alg.horizon=1
confirm_mjlab_tracking_rough_unitree_g1_flowwm_flowpolicy_s8_default,confirm,mjlab,tracking_rough_unitree_g1,mjlab_tracking_rough_unitree_g1,medium_high,1000,flowwm_flowpolicy,Flow world model + Flow policy,pwm_5M_fullflow,8,default,15000,96,40,5,1000,flow-mbpo-formal-training,single_task_online_confirm_mjlab,"Single-task online RL from scratch on PACE-ICE. task=tracking_rough_unitree_g1, method=flowwm_flowpolicy, profile=default",alg.save_interval=500;++alg.wandb_log_every_epoch=true;alg.horizon=1
confirm_mjlab_tracking_rough_unitree_g1_flowwm_flowpolicy_s9_default,confirm,mjlab,tracking_rough_unitree_g1,mjlab_tracking_rough_unitree_g1,medium_high,1000,flowwm_flowpolicy,Flow world model + Flow policy,pwm_5M_fullflow,9,default,15000,96,40,5,1000,flow-mbpo-formal-training,single_task_online_confirm_mjlab,"Single-task online RL from scratch on PACE-ICE. task=tracking_rough_unitree_g1, method=flowwm_flowpolicy, profile=default",alg.save_interval=500;++alg.wandb_log_every_epoch=true;alg.horizon=1
confirm_mjlab_leap_left_inhand_pen_twirl_mlpwm_mlppolicy_s0_default,confirm,mjlab,leap_left_inhand_pen_twirl,mjlab_leap_left_inhand_pen_twirl,high,500,mlpwm_mlppolicy,PWM baseline (MLP world model + MLP policy),pwm_5M_baseline_final,0,default,15000,64,40,5,500,flow-mbpo-formal-training,single_task_online_confirm_mjlab,"Single-task online RL from scratch on PACE-ICE. task=leap_left_inhand_pen_twirl, method=mlpwm_mlppolicy, profile=default",alg.save_interval=500;++alg.wandb_log_every_epoch=true
confirm_mjlab_leap_left_inhand_pen_twirl_mlpwm_mlppolicy_s1_default,confirm,mjlab,leap_left_inhand_pen_twirl,mjlab_leap_left_inhand_pen_twirl,high,500,mlpwm_mlppolicy,PWM baseline (MLP world model + MLP policy),pwm_5M_baseline_final,1,default,15000,64,40,5,500,flow-mbpo-formal-training,single_task_online_confirm_mjlab,"Single-task online RL from scratch on PACE-ICE. task=leap_left_inhand_pen_twirl, method=mlpwm_mlppolicy, profile=default",alg.save_interval=500;++alg.wandb_log_every_epoch=true
confirm_mjlab_leap_left_inhand_pen_twirl_mlpwm_mlppolicy_s2_default,confirm,mjlab,leap_left_inhand_pen_twirl,mjlab_leap_left_inhand_pen_twirl,high,500,mlpwm_mlppolicy,PWM baseline (MLP world model + MLP policy),pwm_5M_baseline_final,2,default,15000,64,40,5,500,flow-mbpo-formal-training,single_task_online_confirm_mjlab,"Single-task online RL from scratch on PACE-ICE. task=leap_left_inhand_pen_twirl, method=mlpwm_mlppolicy, profile=default",alg.save_interval=500;++alg.wandb_log_every_epoch=true
confirm_mjlab_leap_left_inhand_pen_twirl_mlpwm_mlppolicy_s3_default,confirm,mjlab,leap_left_inhand_pen_twirl,mjlab_leap_left_inhand_pen_twirl,high,500,mlpwm_mlppolicy,PWM baseline (MLP world model + MLP policy),pwm_5M_baseline_final,3,default,15000,64,40,5,500,flow-mbpo-formal-training,single_task_online_confirm_mjlab,"Single-task online RL from scratch on PACE-ICE. task=leap_left_inhand_pen_twirl, method=mlpwm_mlppolicy, profile=default",alg.save_interval=500;++alg.wandb_log_every_epoch=true
confirm_mjlab_leap_left_inhand_pen_twirl_mlpwm_mlppolicy_s4_default,confirm,mjlab,leap_left_inhand_pen_twirl,mjlab_leap_left_inhand_pen_twirl,high,500,mlpwm_mlppolicy,PWM baseline (MLP world model + MLP policy),pwm_5M_baseline_final,4,default,15000,64,40,5,500,flow-mbpo-formal-training,single_task_online_confirm_mjlab,"Single-task online RL from scratch on PACE-ICE. task=leap_left_inhand_pen_twirl, method=mlpwm_mlppolicy, profile=default",alg.save_interval=500;++alg.wandb_log_every_epoch=true
confirm_mjlab_leap_left_inhand_pen_twirl_mlpwm_mlppolicy_s5_default,confirm,mjlab,leap_left_inhand_pen_twirl,mjlab_leap_left_inhand_pen_twirl,high,500,mlpwm_mlppolicy,PWM baseline (MLP world model + MLP policy),pwm_5M_baseline_final,5,default,15000,64,40,5,500,flow-mbpo-formal-training,single_task_online_confirm_mjlab,"Single-task online RL from scratch on PACE-ICE. task=leap_left_inhand_pen_twirl, method=mlpwm_mlppolicy, profile=default",alg.save_interval=500;++alg.wandb_log_every_epoch=true
confirm_mjlab_leap_left_inhand_pen_twirl_mlpwm_mlppolicy_s6_default,confirm,mjlab,leap_left_inhand_pen_twirl,mjlab_leap_left_inhand_pen_twirl,high,500,mlpwm_mlppolicy,PWM baseline (MLP world model + MLP policy),pwm_5M_baseline_final,6,default,15000,64,40,5,500,flow-mbpo-formal-training,single_task_online_confirm_mjlab,"Single-task online RL from scratch on PACE-ICE. task=leap_left_inhand_pen_twirl, method=mlpwm_mlppolicy, profile=default",alg.save_interval=500;++alg.wandb_log_every_epoch=true
confirm_mjlab_leap_left_inhand_pen_twirl_mlpwm_mlppolicy_s7_default,confirm,mjlab,leap_left_inhand_pen_twirl,mjlab_leap_left_inhand_pen_twirl,high,500,mlpwm_mlppolicy,PWM baseline (MLP world model + MLP policy),pwm_5M_baseline_final,7,default,15000,64,40,5,500,flow-mbpo-formal-training,single_task_online_confirm_mjlab,"Single-task online RL from scratch on PACE-ICE. task=leap_left_inhand_pen_twirl, method=mlpwm_mlppolicy, profile=default",alg.save_interval=500;++alg.wandb_log_every_epoch=true
confirm_mjlab_leap_left_inhand_pen_twirl_mlpwm_mlppolicy_s8_default,confirm,mjlab,leap_left_inhand_pen_twirl,mjlab_leap_left_inhand_pen_twirl,high,500,mlpwm_mlppolicy,PWM baseline (MLP world model + MLP policy),pwm_5M_baseline_final,8,default,15000,64,40,5,500,flow-mbpo-formal-training,single_task_online_confirm_mjlab,"Single-task online RL from scratch on PACE-ICE. task=leap_left_inhand_pen_twirl, method=mlpwm_mlppolicy, profile=default",alg.save_interval=500;++alg.wandb_log_every_epoch=true
confirm_mjlab_leap_left_inhand_pen_twirl_mlpwm_mlppolicy_s9_default,confirm,mjlab,leap_left_inhand_pen_twirl,mjlab_leap_left_inhand_pen_twirl,high,500,mlpwm_mlppolicy,PWM baseline (MLP world model + MLP policy),pwm_5M_baseline_final,9,default,15000,64,40,5,500,flow-mbpo-formal-training,single_task_online_confirm_mjlab,"Single-task online RL from scratch on PACE-ICE. task=leap_left_inhand_pen_twirl, method=mlpwm_mlppolicy, profile=default",alg.save_interval=500;++alg.wandb_log_every_epoch=true
confirm_mjlab_leap_left_inhand_pen_twirl_flowwm_mlppolicy_s0_default,confirm,mjlab,leap_left_inhand_pen_twirl,mjlab_leap_left_inhand_pen_twirl,high,500,flowwm_mlppolicy,Flow world model + MLP policy,pwm_5M_flow_v2_substeps4,0,default,15000,64,40,5,500,flow-mbpo-formal-training,single_task_online_confirm_mjlab,"Single-task online RL from scratch on PACE-ICE. task=leap_left_inhand_pen_twirl, method=flowwm_mlppolicy, profile=default",alg.save_interval=500;++alg.wandb_log_every_epoch=true
confirm_mjlab_leap_left_inhand_pen_twirl_flowwm_mlppolicy_s1_default,confirm,mjlab,leap_left_inhand_pen_twirl,mjlab_leap_left_inhand_pen_twirl,high,500,flowwm_mlppolicy,Flow world model + MLP policy,pwm_5M_flow_v2_substeps4,1,default,15000,64,40,5,500,flow-mbpo-formal-training,single_task_online_confirm_mjlab,"Single-task online RL from scratch on PACE-ICE. task=leap_left_inhand_pen_twirl, method=flowwm_mlppolicy, profile=default",alg.save_interval=500;++alg.wandb_log_every_epoch=true
confirm_mjlab_leap_left_inhand_pen_twirl_flowwm_mlppolicy_s2_default,confirm,mjlab,leap_left_inhand_pen_twirl,mjlab_leap_left_inhand_pen_twirl,high,500,flowwm_mlppolicy,Flow world model + MLP policy,pwm_5M_flow_v2_substeps4,2,default,15000,64,40,5,500,flow-mbpo-formal-training,single_task_online_confirm_mjlab,"Single-task online RL from scratch on PACE-ICE. task=leap_left_inhand_pen_twirl, method=flowwm_mlppolicy, profile=default",alg.save_interval=500;++alg.wandb_log_every_epoch=true
confirm_mjlab_leap_left_inhand_pen_twirl_flowwm_mlppolicy_s3_default,confirm,mjlab,leap_left_inhand_pen_twirl,mjlab_leap_left_inhand_pen_twirl,high,500,flowwm_mlppolicy,Flow world model + MLP policy,pwm_5M_flow_v2_substeps4,3,default,15000,64,40,5,500,flow-mbpo-formal-training,single_task_online_confirm_mjlab,"Single-task online RL from scratch on PACE-ICE. task=leap_left_inhand_pen_twirl, method=flowwm_mlppolicy, profile=default",alg.save_interval=500;++alg.wandb_log_every_epoch=true
confirm_mjlab_leap_left_inhand_pen_twirl_flowwm_mlppolicy_s4_default,confirm,mjlab,leap_left_inhand_pen_twirl,mjlab_leap_left_inhand_pen_twirl,high,500,flowwm_mlppolicy,Flow world model + MLP policy,pwm_5M_flow_v2_substeps4,4,default,15000,64,40,5,500,flow-mbpo-formal-training,single_task_online_confirm_mjlab,"Single-task online RL from scratch on PACE-ICE. task=leap_left_inhand_pen_twirl, method=flowwm_mlppolicy, profile=default",alg.save_interval=500;++alg.wandb_log_every_epoch=true
confirm_mjlab_leap_left_inhand_pen_twirl_flowwm_mlppolicy_s5_default,confirm,mjlab,leap_left_inhand_pen_twirl,mjlab_leap_left_inhand_pen_twirl,high,500,flowwm_mlppolicy,Flow world model + MLP policy,pwm_5M_flow_v2_substeps4,5,default,15000,64,40,5,500,flow-mbpo-formal-training,single_task_online_confirm_mjlab,"Single-task online RL from scratch on PACE-ICE. task=leap_left_inhand_pen_twirl, method=flowwm_mlppolicy, profile=default",alg.save_interval=500;++alg.wandb_log_every_epoch=true
confirm_mjlab_leap_left_inhand_pen_twirl_flowwm_mlppolicy_s6_default,confirm,mjlab,leap_left_inhand_pen_twirl,mjlab_leap_left_inhand_pen_twirl,high,500,flowwm_mlppolicy,Flow world model + MLP policy,pwm_5M_flow_v2_substeps4,6,default,15000,64,40,5,500,flow-mbpo-formal-training,single_task_online_confirm_mjlab,"Single-task online RL from scratch on PACE-ICE. task=leap_left_inhand_pen_twirl, method=flowwm_mlppolicy, profile=default",alg.save_interval=500;++alg.wandb_log_every_epoch=true
confirm_mjlab_leap_left_inhand_pen_twirl_flowwm_mlppolicy_s7_default,confirm,mjlab,leap_left_inhand_pen_twirl,mjlab_leap_left_inhand_pen_twirl,high,500,flowwm_mlppolicy,Flow world model + MLP policy,pwm_5M_flow_v2_substeps4,7,default,15000,64,40,5,500,flow-mbpo-formal-training,single_task_online_confirm_mjlab,"Single-task online RL from scratch on PACE-ICE. task=leap_left_inhand_pen_twirl, method=flowwm_mlppolicy, profile=default",alg.save_interval=500;++alg.wandb_log_every_epoch=true
confirm_mjlab_leap_left_inhand_pen_twirl_flowwm_mlppolicy_s8_default,confirm,mjlab,leap_left_inhand_pen_twirl,mjlab_leap_left_inhand_pen_twirl,high,500,flowwm_mlppolicy,Flow world model + MLP policy,pwm_5M_flow_v2_substeps4,8,default,15000,64,40,5,500,flow-mbpo-formal-training,single_task_online_confirm_mjlab,"Single-task online RL from scratch on PACE-ICE. task=leap_left_inhand_pen_twirl, method=flowwm_mlppolicy, profile=default",alg.save_interval=500;++alg.wandb_log_every_epoch=true
confirm_mjlab_leap_left_inhand_pen_twirl_flowwm_mlppolicy_s9_default,confirm,mjlab,leap_left_inhand_pen_twirl,mjlab_leap_left_inhand_pen_twirl,high,500,flowwm_mlppolicy,Flow world model + MLP policy,pwm_5M_flow_v2_substeps4,9,default,15000,64,40,5,500,flow-mbpo-formal-training,single_task_online_confirm_mjlab,"Single-task online RL from scratch on PACE-ICE. task=leap_left_inhand_pen_twirl, method=flowwm_mlppolicy, profile=default",alg.save_interval=500;++alg.wandb_log_every_epoch=true
confirm_mjlab_leap_left_inhand_pen_twirl_mlpwm_flowpolicy_s0_default,confirm,mjlab,leap_left_inhand_pen_twirl,mjlab_leap_left_inhand_pen_twirl,high,500,mlpwm_flowpolicy,MLP world model + Flow policy,pwm_5M_flowpolicy,0,default,15000,64,40,5,500,flow-mbpo-formal-training,single_task_online_confirm_mjlab,"Single-task online RL from scratch on PACE-ICE. task=leap_left_inhand_pen_twirl, method=mlpwm_flowpolicy, profile=default",alg.save_interval=500;++alg.wandb_log_every_epoch=true
confirm_mjlab_leap_left_inhand_pen_twirl_mlpwm_flowpolicy_s1_default,confirm,mjlab,leap_left_inhand_pen_twirl,mjlab_leap_left_inhand_pen_twirl,high,500,mlpwm_flowpolicy,MLP world model + Flow policy,pwm_5M_flowpolicy,1,default,15000,64,40,5,500,flow-mbpo-formal-training,single_task_online_confirm_mjlab,"Single-task online RL from scratch on PACE-ICE. task=leap_left_inhand_pen_twirl, method=mlpwm_flowpolicy, profile=default",alg.save_interval=500;++alg.wandb_log_every_epoch=true
confirm_mjlab_leap_left_inhand_pen_twirl_mlpwm_flowpolicy_s2_default,confirm,mjlab,leap_left_inhand_pen_twirl,mjlab_leap_left_inhand_pen_twirl,high,500,mlpwm_flowpolicy,MLP world model + Flow policy,pwm_5M_flowpolicy,2,default,15000,64,40,5,500,flow-mbpo-formal-training,single_task_online_confirm_mjlab,"Single-task online RL from scratch on PACE-ICE. task=leap_left_inhand_pen_twirl, method=mlpwm_flowpolicy, profile=default",alg.save_interval=500;++alg.wandb_log_every_epoch=true
confirm_mjlab_leap_left_inhand_pen_twirl_mlpwm_flowpolicy_s3_default,confirm,mjlab,leap_left_inhand_pen_twirl,mjlab_leap_left_inhand_pen_twirl,high,500,mlpwm_flowpolicy,MLP world model + Flow policy,pwm_5M_flowpolicy,3,default,15000,64,40,5,500,flow-mbpo-formal-training,single_task_online_confirm_mjlab,"Single-task online RL from scratch on PACE-ICE. task=leap_left_inhand_pen_twirl, method=mlpwm_flowpolicy, profile=default",alg.save_interval=500;++alg.wandb_log_every_epoch=true
confirm_mjlab_leap_left_inhand_pen_twirl_mlpwm_flowpolicy_s4_default,confirm,mjlab,leap_left_inhand_pen_twirl,mjlab_leap_left_inhand_pen_twirl,high,500,mlpwm_flowpolicy,MLP world model + Flow policy,pwm_5M_flowpolicy,4,default,15000,64,40,5,500,flow-mbpo-formal-training,single_task_online_confirm_mjlab,"Single-task online RL from scratch on PACE-ICE. task=leap_left_inhand_pen_twirl, method=mlpwm_flowpolicy, profile=default",alg.save_interval=500;++alg.wandb_log_every_epoch=true
confirm_mjlab_leap_left_inhand_pen_twirl_mlpwm_flowpolicy_s5_default,confirm,mjlab,leap_left_inhand_pen_twirl,mjlab_leap_left_inhand_pen_twirl,high,500,mlpwm_flowpolicy,MLP world model + Flow policy,pwm_5M_flowpolicy,5,default,15000,64,40,5,500,flow-mbpo-formal-training,single_task_online_confirm_mjlab,"Single-task online RL from scratch on PACE-ICE. task=leap_left_inhand_pen_twirl, method=mlpwm_flowpolicy, profile=default",alg.save_interval=500;++alg.wandb_log_every_epoch=true
confirm_mjlab_leap_left_inhand_pen_twirl_mlpwm_flowpolicy_s6_default,confirm,mjlab,leap_left_inhand_pen_twirl,mjlab_leap_left_inhand_pen_twirl,high,500,mlpwm_flowpolicy,MLP world model + Flow policy,pwm_5M_flowpolicy,6,default,15000,64,40,5,500,flow-mbpo-formal-training,single_task_online_confirm_mjlab,"Single-task online RL from scratch on PACE-ICE. task=leap_left_inhand_pen_twirl, method=mlpwm_flowpolicy, profile=default",alg.save_interval=500;++alg.wandb_log_every_epoch=true
confirm_mjlab_leap_left_inhand_pen_twirl_mlpwm_flowpolicy_s7_default,confirm,mjlab,leap_left_inhand_pen_twirl,mjlab_leap_left_inhand_pen_twirl,high,500,mlpwm_flowpolicy,MLP world model + Flow policy,pwm_5M_flowpolicy,7,default,15000,64,40,5,500,flow-mbpo-formal-training,single_task_online_confirm_mjlab,"Single-task online RL from scratch on PACE-ICE. task=leap_left_inhand_pen_twirl, method=mlpwm_flowpolicy, profile=default",alg.save_interval=500;++alg.wandb_log_every_epoch=true
confirm_mjlab_leap_left_inhand_pen_twirl_mlpwm_flowpolicy_s8_default,confirm,mjlab,leap_left_inhand_pen_twirl,mjlab_leap_left_inhand_pen_twirl,high,500,mlpwm_flowpolicy,MLP world model + Flow policy,pwm_5M_flowpolicy,8,default,15000,64,40,5,500,flow-mbpo-formal-training,single_task_online_confirm_mjlab,"Single-task online RL from scratch on PACE-ICE. task=leap_left_inhand_pen_twirl, method=mlpwm_flowpolicy, profile=default",alg.save_interval=500;++alg.wandb_log_every_epoch=true
confirm_mjlab_leap_left_inhand_pen_twirl_mlpwm_flowpolicy_s9_default,confirm,mjlab,leap_left_inhand_pen_twirl,mjlab_leap_left_inhand_pen_twirl,high,500,mlpwm_flowpolicy,MLP world model + Flow policy,pwm_5M_flowpolicy,9,default,15000,64,40,5,500,flow-mbpo-formal-training,single_task_online_confirm_mjlab,"Single-task online RL from scratch on PACE-ICE. task=leap_left_inhand_pen_twirl, method=mlpwm_flowpolicy, profile=default",alg.save_interval=500;++alg.wandb_log_every_epoch=true
confirm_mjlab_leap_left_inhand_pen_twirl_flowwm_flowpolicy_s0_default,confirm,mjlab,leap_left_inhand_pen_twirl,mjlab_leap_left_inhand_pen_twirl,high,500,flowwm_flowpolicy,Flow world model + Flow policy,pwm_5M_fullflow,0,default,15000,64,40,5,500,flow-mbpo-formal-training,single_task_online_confirm_mjlab,"Single-task online RL from scratch on PACE-ICE. task=leap_left_inhand_pen_twirl, method=flowwm_flowpolicy, profile=default",alg.save_interval=500;++alg.wandb_log_every_epoch=true
confirm_mjlab_leap_left_inhand_pen_twirl_flowwm_flowpolicy_s1_default,confirm,mjlab,leap_left_inhand_pen_twirl,mjlab_leap_left_inhand_pen_twirl,high,500,flowwm_flowpolicy,Flow world model + Flow policy,pwm_5M_fullflow,1,default,15000,64,40,5,500,flow-mbpo-formal-training,single_task_online_confirm_mjlab,"Single-task online RL from scratch on PACE-ICE. task=leap_left_inhand_pen_twirl, method=flowwm_flowpolicy, profile=default",alg.save_interval=500;++alg.wandb_log_every_epoch=true
confirm_mjlab_leap_left_inhand_pen_twirl_flowwm_flowpolicy_s2_default,confirm,mjlab,leap_left_inhand_pen_twirl,mjlab_leap_left_inhand_pen_twirl,high,500,flowwm_flowpolicy,Flow world model + Flow policy,pwm_5M_fullflow,2,default,15000,64,40,5,500,flow-mbpo-formal-training,single_task_online_confirm_mjlab,"Single-task online RL from scratch on PACE-ICE. task=leap_left_inhand_pen_twirl, method=flowwm_flowpolicy, profile=default",alg.save_interval=500;++alg.wandb_log_every_epoch=true
confirm_mjlab_leap_left_inhand_pen_twirl_flowwm_flowpolicy_s3_default,confirm,mjlab,leap_left_inhand_pen_twirl,mjlab_leap_left_inhand_pen_twirl,high,500,flowwm_flowpolicy,Flow world model + Flow policy,pwm_5M_fullflow,3,default,15000,64,40,5,500,flow-mbpo-formal-training,single_task_online_confirm_mjlab,"Single-task online RL from scratch on PACE-ICE. task=leap_left_inhand_pen_twirl, method=flowwm_flowpolicy, profile=default",alg.save_interval=500;++alg.wandb_log_every_epoch=true
confirm_mjlab_leap_left_inhand_pen_twirl_flowwm_flowpolicy_s4_default,confirm,mjlab,leap_left_inhand_pen_twirl,mjlab_leap_left_inhand_pen_twirl,high,500,flowwm_flowpolicy,Flow world model + Flow policy,pwm_5M_fullflow,4,default,15000,64,40,5,500,flow-mbpo-formal-training,single_task_online_confirm_mjlab,"Single-task online RL from scratch on PACE-ICE. task=leap_left_inhand_pen_twirl, method=flowwm_flowpolicy, profile=default",alg.save_interval=500;++alg.wandb_log_every_epoch=true
confirm_mjlab_leap_left_inhand_pen_twirl_flowwm_flowpolicy_s5_default,confirm,mjlab,leap_left_inhand_pen_twirl,mjlab_leap_left_inhand_pen_twirl,high,500,flowwm_flowpolicy,Flow world model + Flow policy,pwm_5M_fullflow,5,default,15000,64,40,5,500,flow-mbpo-formal-training,single_task_online_confirm_mjlab,"Single-task online RL from scratch on PACE-ICE. task=leap_left_inhand_pen_twirl, method=flowwm_flowpolicy, profile=default",alg.save_interval=500;++alg.wandb_log_every_epoch=true
confirm_mjlab_leap_left_inhand_pen_twirl_flowwm_flowpolicy_s6_default,confirm,mjlab,leap_left_inhand_pen_twirl,mjlab_leap_left_inhand_pen_twirl,high,500,flowwm_flowpolicy,Flow world model + Flow policy,pwm_5M_fullflow,6,default,15000,64,40,5,500,flow-mbpo-formal-training,single_task_online_confirm_mjlab,"Single-task online RL from scratch on PACE-ICE. task=leap_left_inhand_pen_twirl, method=flowwm_flowpolicy, profile=default",alg.save_interval=500;++alg.wandb_log_every_epoch=true
confirm_mjlab_leap_left_inhand_pen_twirl_flowwm_flowpolicy_s7_default,confirm,mjlab,leap_left_inhand_pen_twirl,mjlab_leap_left_inhand_pen_twirl,high,500,flowwm_flowpolicy,Flow world model + Flow policy,pwm_5M_fullflow,7,default,15000,64,40,5,500,flow-mbpo-formal-training,single_task_online_confirm_mjlab,"Single-task online RL from scratch on PACE-ICE. task=leap_left_inhand_pen_twirl, method=flowwm_flowpolicy, profile=default",alg.save_interval=500;++alg.wandb_log_every_epoch=true
confirm_mjlab_leap_left_inhand_pen_twirl_flowwm_flowpolicy_s8_default,confirm,mjlab,leap_left_inhand_pen_twirl,mjlab_leap_left_inhand_pen_twirl,high,500,flowwm_flowpolicy,Flow world model + Flow policy,pwm_5M_fullflow,8,default,15000,64,40,5,500,flow-mbpo-formal-training,single_task_online_confirm_mjlab,"Single-task online RL from scratch on PACE-ICE. task=leap_left_inhand_pen_twirl, method=flowwm_flowpolicy, profile=default",alg.save_interval=500;++alg.wandb_log_every_epoch=true
confirm_mjlab_leap_left_inhand_pen_twirl_flowwm_flowpolicy_s9_default,confirm,mjlab,leap_left_inhand_pen_twirl,mjlab_leap_left_inhand_pen_twirl,high,500,flowwm_flowpolicy,Flow world model + Flow policy,pwm_5M_fullflow,9,default,15000,64,40,5,500,flow-mbpo-formal-training,single_task_online_confirm_mjlab,"Single-task online RL from scratch on PACE-ICE. task=leap_left_inhand_pen_twirl, method=flowwm_flowpolicy, profile=default",alg.save_interval=500;++alg.wandb_log_every_epoch=true
